Workbook

Sheet Daily Activity w Contents
A1: #VALUE! | G1: Daily Activity Tracking Report | U1: Date | V1: 46262
U2: Report No. | V2: 5.04-F.10
A3: Daily Project Based Repair Rates (%) | F3: 2 | G3: Incoming Materials (Gelen Bant ve Plakalar) | J3: Total Manufactured Pipe Quantity (Toplam Boru Uretim Adedi) | R3: Total Repaired Pipe Quantity (Toplam Tamiri Tamamlanan Boru Adedi)
A4: 01-117KH Ø 60 " x 1.25" - 23 Pipes | F4: 3
A5: 06-131TS Ø 42 " x 1" - 72 Pipes | F5: 4 | G5: Dimensions | H5: Qty. | I5: Manufacturer | J5: Machine A | M5: Machine B | R5: Project No. | S5: Dimensions | T5: Pipe # | U5: Project No. | V5: Dimensions | W5: Pipe #
A6: 10-107JT Ø72" x 1"- 226 Pipes | F6: 5 | J6: Dimensions | L6: Pipe No. | M6: Dimensions | Q6: Pipe No.
A7: 01-116 Ø42" x 1"- 48 Pipes | F7: 6 | H7: - | J7: 01-118 (Ø36" x 0.625") | L7: 354 … 371 (18 pcs.) | M7: 01-117 (Ø60" x 1.25") | Q7: 16 - 17 (2 pcs.) | R7: 02-123 | S7: Ø42" x 1" | T7: 100 - 79 66 - 93 | U7: 11-111 | V7: Ø84" x 0.75" | W7: 11 - 8
A8: 11-111 Ø78" x .5"- 3 Pipes | F8: 7
A9: 11-111 Ø84" x .75"- 24 Pipes | F9: 8
A10: 11-111 Ø96" x .75"- 6 Pipes | F10: 9 | R10: 01-117 | S10: Ø60" x 1.25" | T10: 10 | U10: 01-118 | V10: Ø36" x 0.625" | W10: 11 pcs.
A11: 10-108 Ø78" x .5"- 15 Pipes | F11: 10
A12: 10-108 Ø96" x .625"- 4 Pipes | F12: 11 | R12: 10-108 | S12: Ø54" x 0.375" | T12: 4 - 6
A13: 10-108 Ø60" x .375"- 22 Pipes | F13: 12
A14: 10-108 Ø66" x .375"- 209 Pipes | F14: 13 | G14: Total JDF-HDM numbered PLATE quantity is 4900. (PLT4900) | J14: 01-118 (Ø36" x 0.625") | M14: 01-117 (Ø60" x 1.25") | R14: Total repaired pipe quantity:
A15: 10-108 Ø54" x .375"- 6 Pipes | F15: 14 | J15: 371/676 | M15: 17/23 | R15: 108 for 10-107 118 for 02-123 | U15: 19 for 06-131 (42" x 1") 85 for 01-118
A16: 02-123 Ø42" x 1"- 120 Pipes | F16: 15 | G16: Total JDF-HDM numbered COIL quantity is 4591. (HDM4591) | J16: 10-108 (Ø54" x 0.375") | M16: 06-131 (Ø42" x 1")
A17: 01-118 Ø36" x .625"- 676 Pipes | F17: 16-18 | J17: 6/6 | M17: 72/72
A18: Total Clutch/Accessory Completed Process Quantity (Toplam Clutch/Aksesuar Tamamlanan Proses Adedi) | L18: Total Coated Pipe Quantity (Toplam Boyanan Boru Adedi) | S18: Total Shipped Pipe Quantity (Toplam Sevki Yapilan Boru Adedi)
A20: Ring/Shoe | G20: Clutch | L20: Project No. | N20: Qty. | P20: Coating Details | S20: Project No. | T20: Dimensions / Quantity | W20: Shipment
A21: Project No. | C21: Qty. | D21: Dimensions - Process Type | G21: Project No. | I21: Qty. | J21: Dimensions - Process Type
A23: 01-118 | C23: 11 pcs. | D23: Weld-Out | G23: 10-107 | I23: 1 pc. | J23: Weld-Out | L23: 10-107 | N23: 1 pc. | P23: Bitumastic 300M | S23: 02-123 | T23: Ø42" x 1" - 3 PCS. | W23: WATCO
G24: 01-118 | I24: 2 pcs. | J24: Tack Weld | S24: 10-107 | T24: Ø72" x 1" - 1 PCS.
S25: 10-108 | T25: Ø66" x 0.375" - 2 PCS. | W25: CUSTOMER
L26: 10-108 Ø54" x 0.375" | N26: 3 pcs. | P26: Carbozinc 11
A31: 10-107 Project | L31: 10-107 Project | S31: 10-107
A32: 107 Pipes' Clutch Tack Welding Completed (Montaj) 105 Pipes' Clutch Weld Out Completed (Kaynak) | L32: Total 300M Coated 105 pcs. | S32: To Watco 104 pcs.
L33: 10-108 Project | S33: 02-123
L34: (Ø 60 " x 0.375 ") 22 pcs. (Ø 72" x 0.5") 7 pcs. (Ø 68" x 0.375") 103 pcs. | O34: (Ø84" x 0.5") 14 pcs. (Ø 78" x 0.5") 3 pcs. (Ø 66" x 0.375") 209 pcs. | S34: To Watco 114 pcs.
S35: 01-116 (42" x 1")
S36: To Watco 48 pcs.
A38: LR: Lately Reported

Sheet Daily Repair Rate (Old)
F1: Daily Project Based Repair Rates (%) | O1: Date | P1: 46182
A3: # | B3: Project No. | E3: Dimensions | H3: Qty. | I3: Project's Total Pipe Length (ft) | J3: Repaired Pipes' Total Length (ft) | K3: Repaired Pipes' Total Spiral Length (ft) | L3: Total Repair Amount (mt) | M3: Total Repair Amount with Skelp-end Welds (mt) | N3: Project Status | O3: Repair Ratio (%) | P3: Repair Ratio Inc. Skelp-end Welds (%)
A4: 1 | B4: 2025Q-05-095 #2 | E4: Ø72"x1" | H4: 190 | I4: 9180 | J4: 7980 | K4: =(72*3.1415/59)*(J4) -> 30592.885 | L4: 406.92 | M4: 555.42 | N4: IN PROGRESS | O4: 0.0436 | P4: 0.0596
A5: 2 | B5: 2025Q-10-108JT | E5: Ø60"x.375" | H5: 22 | I5: 1220 | J5: 290 | K5: =(60*3.1415/64)*(J5) -> 854.09531 | L5: 14.35 | M5: 15.85 | N5: IN PROGRESS | O5: 0.0551 | P5: 0.0609
A6: 3 | B6: 2025Q-10-108JT | E6: Ø66"x.375" | H6: 204 | I6: 10240 | J6: 5055 | K6: =(66*3.1415/64)*(J6) -> 16376.541 | L6: 58.05 | M6: 91.05 | N6: IN PROGRESS | O6: 0.0116 | P6: 0.0182
A7: 4 | B7: 2026Q-10-108JT | E7: Ø68"x.375" | H7: 108 | I7: 5270 | J7: 3285 | K7: =(68*3.1415/64)*(J7) -> 10964.817 | L7: 18.97 | M7: 42.97 | N7: IN PROGRESS | O7: 0.0057 | P7: 0.0129
A8: 5 | B8: 2026Q-10-108JT | E8: Ø78"x0.5" | H8: 16 | I8: 970 | J8: 210 | K8: =(78*3.1415/44)*(J8) -> 1169.4948 | L8: 2.46 | M8: 5.46 | N8: IN PROGRESS | O8: 0.0069 | P8: 0.0153
A9: 6 | B9: 2026Q-10-108JT | E9: Ø84"x0.5" | H9: 16 | I9: 875 | J9: 875 | K9: =(84*3.1415/59)*(J9) -> 3913.5636 | L9: 6.1 | M9: 15.1 | N9: COMPLETED | O9: 0.0051 | P9: 0.0094
A10: 7 | B10: 2026Q-10-108JT | E10: Ø72" Combined | H10: 8 | I10: 440 | J10: 440 | K10: =(72*3.1415/44)*(J10) -> 2261.88 | L10: 7.21 | M10: 10.21 | N10: COMPLETED | O10: 0.0105 | P10: 0.0148
A11: 8 | B11: 2026Q-10-108JT | E11: Ø84" Combined | H11: 6 | I11: 235 | J11: 235 | K11: =(84*3.1415/59)*(J11) -> 1051.0714 | L11: 2.46 | M11: 3.96 | N11: COMPLETED | O11: 0.0077 | P11: 0.0124
A12: 9 | B12: 2026Q-10-108JT | E12: Ø90" Combined | H12: 12 | I12: 500 | J12: 500 | K12: =(90*3.1415/59)*(J12) -> 2396.0593 | L12: 39.85 | M12: 47.35 | N12: COMPLETED | O12: 0.0546 | P12: 0.0648
A13: 10 | B13: 2026Q-11-111JT | E13: Ø84"x0.5" | H13: 39 | I13: 2085 | J13: 2085 | K13: =(84*3.1415/59)*(J13) -> 9325.4629 | L13: 16.38 | M13: 40.38 | N13: COMPLETED | O13: 0.0058 | P13: 0.0142
A14: 11 | B14: 2026Q-11-111JT | E14: Ø90" Combined | H14: 54 | I14: 2760 | J14: 2760 | K14: =(90*3.1415/59)*(J14) -> 13226.247 | L14: 74.07 | M14: 113.07 | N14: COMPLETED | O14: 0.0184 | P14: 0.028
A15: 12 | B15: 2025Q-12-112SN | E15: Ø60"x1" | H15: 30 | I15: 2940 | J15: 1274 | K15: =(60*3.1415/59)*(J15) -> 4070.1061 | L15: 125.64 | M15: 145.14 | N15: IN PROGRESS | O15: 0.1013 | P15: 0.117
A16: 13 | B16: 2025Q-10-107JT | E16: Ø72"x1" | H16: 226 | I16: 29305.4 | J16: 6353.83 | K16: =(72*3.1415/59)*(J16) -> 24358.646 | L16: 148.76 | M16: 274.76 | N16: IN PROGRESS | O16: 0.02 | P16: 0.037
A17: 14 | B17: 2025Q-12-113SN | E17: Ø66"x.75" | H17: 25 | I17: 3125 | J17: 3125 | K17: =(66*3.1415/59)*(J17) -> 10981.939 | L17: 52.99 | M17: 90.49 | N17: COMPLETED | O17: 0.0158 | P17: 0.027
A18: 15 | B18: 2025Q-05-93 (PT) | E18: Ø54"x1.5" | H18: 47 | I18: 8041 | J18: 3772 | K18: 12704.1 | L18: 344.39 | M18: 619.79 | N18: IN PROGRESS | O18: 0.0889 | P18: 0.1601
A19: 16 | B19: 2026Q-05-126TS | E19: Ø42"x1" | H19: 8 | I19: 480 | J19: 480 | K19: =(42*3.1415/59)*(J19) -> 1073.4346 | L19: 12.42 | M19: 16.92 | N19: COMPLETED | O19: 0.038 | P19: 0.0517
A20: 17 | B20: 2025Q-05-93 (HDD) | E20: Ø36"x.75" | H20: 14 | I20: 1624 | J20: 1624 | K20: =(36*3.1415/59)*(J20) -> 3112.9603 | L20: 20.7 | M20: 26.7 | N20: COMPLETED | O20: 0.0218 | P20: 0.0281
A21: 18 | B21: 2025Q-10-105 | E21: Ø36"x.75" | H21: 89 | I21: 5843 | J21: 5843 | K21: =(36*3.1415/59)*(J21) -> 11200.14 | L21: 72.38 | M21: 108.38 | N21: COMPLETED | O21: 0.0212 | P21: 0.0317
A22: 19 | B22: 2026Q-01-115NN | E22: Ø60"x1" | H22: 27 | I22: 3807 | J22: 3807 | K22: =(60*3.1415/59)*(J22) -> 12162.397 | L22: 75.69 | M22: 131.19 | N22: COMPLETED | O22: 0.0204 | P22: 0.0354
A23: 20 | B23: 2026Q-01-116SN | E23: Ø42"x1" | H23: 48 | I23: 6255.84 | J23: 3127.92 | K23: =(42*3.1415/59)*(J23) -> 6995.0364 | L23: 55.62 | M23: 91.62 | N23: IN PROGRESS | O23: 0.0261 | P23: 0.043
A24: 21 | B24: 2026Q-01-116SN | E24: Ø36"x1" | H24: 53 | I24: 6332 | J24: 2851.5 | K24: =(36*3.1415/59)*(J24) -> 5465.8905 | L24: 49 | M24: 77.5 | N24: IN PROGRESS | O24: 0.0294 | P24: 0.0465
A25: 22 | B25: 2026Q-05-128RZ | E25: Ø36"x0.75" | H25: 18 | I25: 990 | J25: 420 | K25: =(36*3.1415/59)*(J25) -> 805.07593 | L25: 5.79 | M25: 7.29 | N25: IN PROGRESS | O25: 0.0236 | P25: 0.0297
A26: 23
A27: 24
A28: 25
A29: Repair Rate Calculation
A30: Overall Repair Rate (2026) Total of 35 Projects Included Since The Beginning of 2026 | J30: =C44 -> 0.023934201 | M30: Inc. Skelp-end Welds (2026) | O30: =F44 -> 0.043971824
A39: ANNUAL REPAIR RATES | J39: PROJECTS | K39: 46176 | L39: 46177 | M39: 46178 | N39: 46179 | O39: 46181 | P39: 46182
A40: YEAR | C40: REPAIR RATIO | F40: INCLUDING SKELP WELD | J40: 05-095 | K40: 0.0436 | L40: 0.0436 | M40: 0.0436 | N40: 0.0436 | O40: 0.0436 | P40: 0.0436
A41: OVERALL | C41: =((SUM(G49:G177)*3.281+SUM(L4:L28)*3.281))/((SUM(F49:F177)+SUM(K4:K28))) -> 0.027902692 | F41: =((SUM(H49:H177)*3.281+SUM(M4:M28)*3.281))/((SUM(F49:F177)+SUM(K4:K28))) -> 0.050105277 | J41: 05-093 (Pipeway) | K41: 0.086 | L41: 0.0847 | M41: 0.0847 | N41: 0.0847 | O41: 0.0889 | P41: 0.0889
A42: 2022-2024 | C42: =((SUM(G49:G79)*3.281))/((SUM(F49:F79))) -> 0.034274572 | F42: =((SUM(H49:H79)*3.281))/((SUM(F49:F79))) -> 0.064430828 | J42: 10-107JT | K42: 0.02 | L42: 0.02 | M42: 0.02 | N42: 0.02 | O42: 0.02 | P42: 0.02
A43: 2025 | C43: =((SUM(G80:G131)*3.281))/((SUM(F80:F131))) -> 0.023084083 | F43: =((SUM(H80:H131)*3.281))/((SUM(F80:F131))) -> 0.03713042 | J43: 01-116SN (42") | K43: 0.0261 | L43: 0.0261 | M43: 0.0261 | N43: 0.0261 | O43: 0.0261 | P43: 0.0261
A44: 2026 | C44: =((SUM(G132:G177)*3.281)+(SUM(L4:L28)*3.281))/((SUM(F132:F177)+SUM(K4:K28))) -> 0.023934201 | F44: =((SUM(H132:H177)*3.281+SUM(M4:M28)*3.281))/((SUM(F132:F177)+SUM(K4:K28))) -> 0.043971824 | J44: 01-116SN (36") | K44: 0.0294 | L44: 0.0294 | M44: 0.0294 | N44: 0.0294 | O44: 0.0294 | P44: 0.0294
J45: 12-112SN (60") | K45: 0.1083 | L45: 0.103 | M45: 0.103 | N45: 0.103 | O45: 0.1013 | P45: 0.1013
A46: YEAR | B46: Overall Repair Rates | J46: 05-0128RZ | O46: 0.0051 | P46: 0.0236
B47: Proj. Name | F47: Repaired Pipes' Total Spiral Length (ft) | G47: Total Repair Amount (mt) | H47: Total Repair Amount with Skelp-end Welds (mt) | J47: Total Rate | K47: 0.0239 | L47: 0.0239 | M47: 0.0239 | N47: 0.0239 | O47: 0.0239 | P47: 0.0239
A49: 2022-2024 | B49: Hawaii Barge 1 140 Pipes - Ø 85 " x 1.4 " | F49: 52315.138 | G49: 751.35 | H49: 2086.35
B50: Hawaii Barge 2 97 Pipes - Ø 85 " x 1.4 " | F50: 37762.139 | G50: 587.08 | H50: 1544.08
B51: Hawaii Project - Barge 3 96 Pipes - Ø 85 " x 1.4 " | F51: 45507.822 | G51: 415.26 | H51: 1549.26
B52: Hawaii Project - Barge 3 | F52: 45388.392 | G52: 355.18 | H52: 586.18 | J52: COMPLETED PROJECTS | M52: Repair Ratio (%) | N52: Inc. SEW
B53: Lutak Combi Piles | F53: 26366.61 | G53: 277.97 | H53: 414.47 | J53: 2022-2024 Proj. Avg | M53: 0.0343 | N53: 0.0644
B54: Lutak Batter Piles 48 Pipes - Ø 42 " x 0.75 " / 1" | F54: 4991.8435 | G54: 93 | H54: 117 | J54: 2025 Proj. Avg | M54: 0.0231 | N54: 0.0371
B55: Manhattan Road & Bridge (12-050a) | F55: 3904.6997 | G55: 21.24 | H55: 27.74 | J55: 11-109 | M55: 0.0159 | N55: 0.0321
B56: Manhattan Road & Bridge (12-050b) | F56: 5027.8909 | G56: 19.618 | H56: 33.118 | J56: 05-092 | M56: 0.0419 | N56: 0.1217
B57: 2023Q-10-048 | F57: 7596.147 | G57: 40.44 | H57: 70.44 | J57: 11-110 | M57: 0.0054 | N57: 0.0183
B58: Hawaii Project - 54 Inches | F58: 11561.034 | G58: 158.2 | H58: 216.7 | J58: 12-114 | M58: 0.0352 | N58: 0.0507
B59: 02-052b | F59: 19403.382 | G59: 108.59 | H59: 177.59 | J59: 05-093 Load . P. | M59: 0.0172 | N59: 3.38
B60: 04-056 | F60: 18409.19 | G60: 139.81 | H60: 187.81 | J60: 05-093 Marine A. | M60: 0.0149 | N60: 0.0312
B61: Port of Galveston | F61: 10398.897 | G61: 104.73 | H61: 142.23 | J61: 12-112 (54") | M61: 0.1024 | N61: 0.1895
B62: Hampton Roads and Bridge | F62: 11181.61 | G62: 68.23 | H62: 105.73 | J62: 10-106 | M62: 0.0318 | N62: 0.0481
B63: Watco (06-061) | F63: 12088.92 | G63: 68.19 | H63: 111.69 | J63: 02-120 | M63: 0.023 | N63: 0.0297
B64: 05-059 | F64: 1774.0235 | G64: 17.6 | H64: 23.6 | J64: 02-121 | M64: 0.004 | N64: 0.0138
... B68: 09-066 | F68: 3233.0827 | G68: 92.06 | H68: 113.06 | J68: 05-092 (Part 2) | M68: 0.0081 | N68: 0.0199
B69: 04-055 | F69: =14903.8084576271+670.896610169492 -> 15574.705 | G69: =291.64+3.81 -> 295.45 | H69: =666.64+5.81 -> 672.45
B70: 08-065 | F70: 2561.2465 | G70: 52.72 | H70: 64.72
B71: 10-070 | F71: 4257.6565 | G71: 14.88 | H71: 28.38
B72: 2024Q-10-069 | F72: 14357.187 | G72: 301.98 | H72: 375.48
B73: 02-052a | F73: 20460.405 | G73: 115.3 | H73: 170.8
B74: 12-072 | F74: 4523.76 | G74: 15.98 | H74: 24.92
B75: 06-062 | F75: 35605.442 | G75: 609.27 | H75: 766.77
B76: 07-064 | F76: 19973.551 | G76: 223.12 | H76: 290.62
B77: 09-067 | F77: 10696.808 | G77: 54.91 | H77: 90.91
B78: 06-062b | F78: 6108.7895 | G78: 78.47 | H78: 89.65
B79: 06-062c | F79: 18413.759 | G79: 54.29 | H79: 84.47
A80: 2025 | B80: 01-076 | F80: 3640.4441 | G80: 34.85 | H80: 47.8
B81: 01-076 | F81: 1840.1736 | G81: 71.47 | H81: 78.97
B82: 2025Q-01-078 + 2025Q-01-080 (Combined) | F82: 3296.9776 | G82: 81.47 | H82: 94.97
B83: 01-075 | F83: 2012.6898 | G83: 5.41 | H83: 12.91
B84: 02-083 | F84: 1589.3134 | G84: 6.3 | H84: 9.3
B85: 02-083 | F85: 1408.8829 | G85: 4.54 | H85: 10.54
B86: 12-073B | F86: 2284.2432 | G86: 10.94 | H86: 19.94
B87: 02-082 | F87: 10453.208 | G87: 56.74 | H87: 104.74
B88: 02-084 | F88: 1878.5105 | G88: 6.17 | H88: 12.17
B89: 02-052d | F89: 57393.357 | G89: 260.33 | H89: 416.33
B90: 12-073a | F90: 15104.758 | G90: 34.6 | H90: 72.1
B91: 12-074a | F91: 4018.8761 | G91: 112.05 | H91: 121.05
B92: 03-087 | F92: 3833.6949 | G92: 49.06 | H92: 64.06
... B131: 2025Q-05-095 P#1 | F131: 18919.284 | G131: 200.05 | H131: 285.55
A132: 2026 | B132: 11-109 | F132: 1821.0051 | G132: 8.84 | H132: 17.84
B133: 05-092 | F133: 26035.181 | G133: 332.55 | H133: 965.55
B134: 11-110 | F134: 25135.621 | G134: 41.06 | H134: 140.06
B135: 12-114 | F135: 9200.8678 | G135: 98.81 | H135: 142.31
B136: 05-093(LP) | F136: 46200 | G136: 242.57 | H136: 476.57
B137: 05-093(Marine) | F137: 12322.134 | G137: 55.79 | H137: 117.29
B138: 02-122 | F138: 230.02169 | G138: 3.02 | H138: 3.02
B139: 10-106 | F139: 8434.1288 | G139: 81.68 | H139: 123.68
B140: 02-120 | F140: 6662.2647 | G140: 46.73 | H140: 60.23
B141: 12-112 (54 x 1.2) | F141: 452.376 | G141: 14.12 | H141: 26.12
B142: 02-121W | F142: 8098.6805 | G142: 9.98 | H142: 33.98
B143: 05-093 (Flare Boom) | F143: 21797.431 | G143: 62.87 | H143: 146.87
B144: 2025Q-12-112SN - 54" Combined | F144: 2354 | G144: 8.94 | H144: 12.68
B145: 05-092 (Part 2) | F145: 7514.042 | G145: 18.59 | H145: 45.59

Sheet Daily Repair Rate
F1: Daily Project Based Repair Rates (%) | O1: Date | P1: 46262
A3: Ongoing & Recently Completed Productions with Plate
A4: # | B4: Project No. | E4: Dimensions | H4: Qty. | I4: Project's Total Pipe Length (ft) | J4: Repaired Pipes' Total Length (ft) | K4: Repaired Pipes' Total Spiral Length (ft) | L4: Total Repair Amount (mt) | M4: Total Repair Amount with Skelp-end Welds (mt) | N4: Project Status | O4: Repair Ratio (%) | P4: Repair Ratio Inc. Skelp-end Welds (%)
A5: 1 | B5: 12-112 (54 x 1.2) | E5: Ø54"x1.2" | H5: 4 | I5: 160 | J5: 160 | K5: =(54*3.1415/60)*(J5) -> 452.376 | L5: 14.12 | M5: 26.12 | N5: COMPLETED | O5: 0.1024 | P5: 0.1895
A6: 2 | B6: 2025Q-05-93 (PT) | E6: Ø54"x1.5" | H6: 49 | I6: 8041 | J6: 8041 | K6: 33104 | L6: 739.53 | M6: 1308.33 | N6: COMPLETED | O6: 0.0733 | P6: 0.1297
A7: 3 | B7: 01-117KH | E7: Ø60"x1.25" | H7: 23 | I7: 1881 | J7: 331 | K7: 974.85 | L7: 10.87 | M7: 34.87 | N7: IN PROGRESS | O7: 0.0366 | P7: 0.1174
A8: 4
A9: 5
A10: 6
A11: 7
A12: 8
A13: 9
A14: 10
A15: Ongoing & Recently Completed Productions with Coil
A16: # | B16: Project No. | E16: Dimensions | H16: Qty. | I16: Project's Total Pipe Length (ft) | J16: Repaired Pipes' Total Length (ft) | K16: Repaired Pipes' Total Spiral Length (ft) | L16: Total Repair Amount (mt) | M16: Total Repair Amount with Skelp-end Welds (mt) | N16: Project Status | O16: Repair Ratio (%) | P16: Repair Ratio Inc. Skelp-end Welds (%)
A17: 1 | B17: 2025Q-10-108JT | E17: Ø54"x.375" | H17: 6 | I17: 210 | J17: 210 | K17: =(54*3.1415/59)*(J17) -> 603.80695 | L17: 7.52 | M17: 7.52 | N17: IN PROGRESS | O17: 0.0409 | P17: 0.0409
A18: 2 | B18: 2025Q-10-108JT | E18: Ø60"x.375" | H18: 22 | I18: 1220 | J18: 1220 | K18: =(60*3.1415/64)*(J18) -> 3593.0906 | L18: 25.93 | M18: 31.93 | N18: IN PROGRESS | O18: 0.0236 | P18: 0.029
A19: 3 | B19: 2025Q-10-108JT | E19: Ø66"x.375" | H19: 209 | I19: 10490 | J19: 10490 | K19: =(66*3.1415/64)*(J19) -> 33984.158 | L19: 111.06 | M19: 180.06 | N19: COMPLETED | O19: 0.0107 | P19: 0.0174
A20: 4 | B20: 2026Q-10-108JT | E20: Ø68"x.375" | H20: 108 | I20: 5270 | J20: 5270 | K20: =(68*3.1415/64)*(J20) -> 17590.437 | L20: 53.32 | M20: 90.82 | N20: IN PROGRESS | O20: 0.0099 | P20: 0.0169
A21: 5 | B21: 2026Q-10-108JT | E21: Ø78"x0.5" | H21: 15 | I21: 905 | J21: 455 | K21: =(78*3.1415/44)*(J21) -> 2533.9053 | L21: 6.4 | M21: 10.9 | N21: IN PROGRESS | O21: 0.0083 | P21: 0.0141
A22: 6 | B22: 2026Q-10-108JT | E22: Ø84"x0.5" | H22: 16 | I22: 875 | J22: 875 | K22: =(84*3.1415/59)*(J22) -> 3913.5636 | L22: 6.1 | M22: 15.1 | N22: COMPLETED | O22: 0.0051 | P22: 0.0094
A23: 7 | B23: 2026Q-10-108JT | E23: Ø72" Combined | H23: 8 | I23: 440 | J23: 440 | K23: =(72*3.1415/44)*(J23) -> 2261.88 | L23: 7.21 | M23: 10.21 | N23: COMPLETED | O23: 0.0105 | P23: 0.0148
A24: 8 | B24: 2026Q-10-108JT | E24: Ø84" Combined | H24: 6 | I24: 235 | J24: 235 | K24: =(84*3.1415/59)*(J24) -> 1051.0714 | L24: 2.46 | M24: 3.96 | N24: COMPLETED | O24: 0.0077 | P24: 0.0124
A25: 9 | B25: 2026Q-10-108JT | E25: Ø90" Combined | H25: 12 | I25: 500 | J25: 500 | K25: =(90*3.1415/59)*(J25) -> 2396.0593 | L25: 39.85 | M25: 47.35 | N25: COMPLETED | O25: 0.0546 | P25: 0.0648
A26: 10 | B26: 2026Q-11-111JT | E26: Ø84"x0.5" | H26: 39 | I26: 2085 | J26: 2085 | K26: =(84*3.1415/59)*(J26) -> 9325.4629 | L26: 16.38 | M26: 40.38 | N26: COMPLETED | O26: 0.0058 | P26: 0.0142
A27: 10 | B27: 2026Q-11-111JT | E27: Ø84"x0.75" | H27: 24 | I27: 1005 | J27: 542.5 | K27: =(84*3.1415/59)*(J27) -> 2426.4094 | L27: 17.65 | M27: 28.15 | N27: IN PROGRESS | O27: 0.0239 | P27: 0.0381
A28: 11 | B28: 2026Q-11-111JT | E28: Ø90" Combined | H28: 54 | I28: 2760 | J28: 2760 | K28: =(90*3.1415/59)*(J28) -> 13226.247 | L28: 74.07 | M28: 113.07 | N28: COMPLETED | O28: 0.0184 | P28: 0.028
A29: 12 | B29: 2025Q-12-112SN | E29: Ø60"x1" | H29: 30 | I29: 2940 | J29: 2940 | K29: =(60*3.1415/59)*(J29) -> 9392.5525 | L29: 244.25 | M29: 290.75 | N29: COMPLETED | O29: 0.0853 | P29: 0.1016
A30: 13 | B30: 2025Q-10-107JT | E30: Ø72"x1" | H30: 108 | I30: 14004.36 | J30: 14004.36 | K30: =(72*3.1415/59)*(J30) -> 53688.444 | L30: 477.38 | M30: 751.88 | N30: COMPLETED | O30: 0.0292 | P30: 0.0459
A31: 14 | B31: 2025Q-12-113SN | E31: Ø66"x.75" | H31: 25 | I31: 3125 | J31: 3125 | K31: =(66*3.1415/59)*(J31) -> 10981.939 | L31: 52.99 | M31: 90.49 | N31: COMPLETED | O31: 0.0158 | P31: 0.027
A32: 15 | B32: 2026Q-05-126TS | E32: Ø42"x1" | H32: 8 | I32: 480 | J32: 480 | K32: =(42*3.1415/59)*(J32) -> 1073.4346 | L32: 12.42 | M32: 16.92 | N32: COMPLETED | O32: 0.038 | P32: 0.0517
A33: 16 | B33: 2025Q-05-93 (HDD) | E33: Ø36"x.75" | H33: 14 | I33: 1624 | J33: 1624 | K33: =(36*3.1415/59)*(J33) -> 3112.9603 | L33: 20.7 | M33: 26.7 | N33: COMPLETED | O33: 0.0218 | P33: 0.0281
A34: 17 | B34: 2025Q-10-105 | E34: Ø36"x.75" | H34: 89 | I34: 5843 | J34: 5843 | K34: =(36*3.1415/59)*(J34) -> 11200.14 | L34: 72.38 | M34: 108.38 | N34: COMPLETED | O34: 0.0212 | P34: 0.0317
A35: 18 | B35: 2026Q-06-131TS | E35: Ø42"x1" | H35: 72 | I35: 4120 | J35: 1150 | K35: =(42*3.1415/59)*(J35) -> 2571.7703 | L35: 11.68 | M35: 20.68 | N35: IN PROGRESS | O35: 0.0149 | P35: 0.0264
A36: 19 | B36: 2026Q-01-116SN | E36: Ø42"x1" | H36: 48 | I36: 6279.84 | J36: 6279.84 | K36: =(42*3.1415/59)*(J36) -> 14043.745 | L36: 94.3 | M36: 166.3 | N36: IN PROGRESS | O36: 0.022 | P36: 0.0389
A37: 20 | B37: 2026Q-01-116SN | E37: Ø36"x1" | H37: 54 | I37: 6529.45 | J37: 6529.45 | K37: =(36*3.1415/59)*(J37) -> 12515.96 | L37: 87.98 | M37: 152.48 | N37: IN PROGRESS | O37: 0.0231 | P37: 0.04
A38: 21 | B38: 2026Q-11-111JT | E38: Ø78"x0.5" | H38: 3 | I38: 135 | J38: 90 | K38: =(78*3.1415/59)*(J38) -> 373.78525 | L38: 0.86 | M38: 2.36 | N38: IN PROGRESS | O38: 0.0076 | P38: 0.0207
A39: 23 | B39: 2026Q-10-108JT | E39: Ø96"x0.625" | H39: 4 | I39: 175 | J39: 135 | K39: =(96*3.1415/59)*(J39) -> 690.06508 | L39: 3.94 | M39: 6.94 | N39: IN PROGRESS | O39: 0.0187 | P39: 0.033
A40: 24 | B40: 2026Q-02-123JE | E40: Ø42"x1" | H40: 120 | I40: 10540 | J40: 10377 | K40: =(42*3.1415/59)*(J40) -> 23206.314 | L40: 89.84 | M40: 202.34 | N40: IN PROGRESS | O40: 0.0127 | P40: 0.0286
A41: 25 | B41: 2026Q-01-118KH | E41: Ø36"x0.625" | H41: 676 | I41: 44598.5 | J41: 6234 | K41: =(36*3.1415/59)*(J41) -> 11949.627 | L41: 24.54 | M41: 45.54 | N41: IN PROGRESS | O41: 0.0067 | P41: 0.0125
A42: Repair Rate Calculation
A43: Overall Repair Rate (2026)
A44: Coil & Plate Production (Without Skelp-end Welds) | H44: =C61 -> 0.024428524 | L44: Coil & Plate Production (With Skelp-end Welds) | O44: =F61 -> 0.040646791
A47: Repair Rate by Production Type (2026)
A48: COIL (Without Skelp-end Welds) | H48: =I61 -> 0.020703688 | L48: PLATE (Without Skelp-end Welds) | O48: =J61 -> 0.072641212
A56: ANNUAL REPAIR RATES | I56: ACC. TO MATERIAL TYPE (W.OUT SKELP)
A57: YEAR | C57: REPAIR RATIO | F57: INCLUDING SKELP WELD | I57: COIL | J57: PLATE
A58: OVERALL | C58: =((SUM(G66:G199)*3.281+SUM(L17:L41)*3.281))/((SUM(F66:F199)+SUM(K17:K41))) -> 0.027135407 | F58: =((SUM(H66:H199)*3.281+SUM(M17:M41)*3.281))/((SUM(F66:F199)+SUM(K17:K41))) -> 0.048076675 | I58: - | J58: -
A59: 2022-2024 | C59: =((SUM(G66:G98)*3.281))/((SUM(F66:F98))) -> 0.032553397 | F59: =((SUM(H66:H98)*3.281))/((SUM(F66:F98))) -> 0.060555561 | I59: - | J59: -
A60: 2025 | C60: =((SUM(G99:G153)*3.281))/((SUM(F99:F153))) -> 0.025698277 | F60: =((SUM(H99:H153)*3.281))/((SUM(F99:F153))) -> 0.044289643 | I60: - | J60: -
A61: 2026 | C61: =((SUM(G154:G217)*3.281)+(SUM(L5:L41)*3.281))/((SUM(F154:F217)+SUM(K5:K41))) -> 0.024428524 | F61: =((SUM(H154:H217)*3.281+SUM(M5:M41)*3.281))/((SUM(F154:F217)+SUM(K5:K41))) -> 0.040646791 | I61: =((SUM(G175:G217)*3.281)+(SUM(L17:L41)*3.281))/((SUM(F175:F217)+SUM(K17:K41))) -> 0.020703688 | J61: =((SUM(G154:G174)*3.281)+(SUM(L5:L14)*3.281))/((SUM(F154:F174)+SUM(K5:K14))) -> 0.072641212
A63: YEAR | B63: Overall Repair Rates
B64: Proj. Name | F64: Repaired Pipes' Total Spiral Length (ft) | G64: Total Repair Amount (mt) | H64: Total Repair Amount with Skelp-end Welds (mt)
A66: 2022-2024 | B66: Hawaii Barge 1 140 Pipes - Ø 85 " x 1.4 " | F66: 52315.138 | G66: 751.35 | H66: 2086.35
B67: Hawaii Barge 2 97 Pipes - Ø 85 " x 1.4 " | F67: 37762.139 | G67: 587.08 | H67: 1544.08 | L67: PROJECTS | M67: 46256 | N67: 46258 | O67: 46259 | P67: 46260 | Q67: 46261 | R67: 46262
B68: Hawaii Project - Barge 3 96 Pipes - Ø 85 " x 1.4 " | F68: 45507.822 | G68: 415.26 | H68: 1549.26 | L68: 05-095 | M68: 0.0449 | N68: 0.0449 | O68: 0.0449 | P68: 0.0449 | Q68: 0.0449 | R68: 0.0449
B69: Hawaii Project - Barge 3 | F69: 45388.392 | G69: 355.18 | H69: 586.18 | L69: 05-093 (Pipeway) | M69: 0.0733 | N69: 0.0733 | O69: 0.0733 | P69: 0.0733 | Q69: 0.0733 | R69: 0.0733
B70: Lutak Combi Piles | F70: 26366.61 | G70: 277.97 | H70: 414.47 | L70: 10-107JT | M70: 0.0291 | N70: 0.0291 | O70: 0.029 | P70: 0.029 | Q70: 0.0292 | R70: 0.0292
B71: Lutak Batter Piles 48 Pipes - Ø 42 " x 0.75 " / 1" | F71: 4991.8435 | G71: 93 | H71: 117 | L71: 01-116SN (42") | M71: 0.022 | N71: 0.022 | O71: 0.022 | P71: 0.022 | Q71: 0.022 | R71: 0.022
B72: Manhattan Road & Bridge (12-050a) | F72: 3904.6997 | G72: 21.24 | H72: 27.74 | L72: 01-116SN (36") | M72: 0.0231 | N72: 0.0231 | O72: 0.0231 | P72: 0.0231 | Q72: 0.0231 | R72: 0.0231
B73: Manhattan Road & Bridge (12-050b) | F73: 5027.8909 | G73: 19.618 | H73: 33.118 | L73: 10-108 (60"X0.375") | M73: 0.0219 | N73: 0.0236 | O73: 0.0236 | P73: 0.0236 | Q73: 0.0236 | R73: 0.0236
B74: 2023Q-10-048 | F74: 7596.147 | G74: 40.44 | H74: 70.44 | L74: 10-108 (66"X0.375") | M74: 0.0105 | N74: 0.0106 | O74: 0.0107 | P74: 0.0106 | Q74: 0.0107 | R74: 0.0107
B75: Hawaii Project - 54 Inches | F75: 11561.034 | G75: 158.2 | H75: 216.7 | L75: 06-131 | M75: 0.0138 | N75: 0.0138 | O75: 0.0138 | P75: 0.0138 | Q75: 0.0138 | R75: 0.0138
B76: 02-052b | F76: 19403.382 | G76: 108.59 | H76: 177.59 | L76: 02-123JE | M76: 0.0119 | N76: 0.012 | O76: 0.012 | P76: 0.0119 | Q76: 0.0122 | R76: 0.0127
B77: 04-056 | F77: 18409.19 | G77: 139.81 | H77: 187.81 | L77: 01-118 | M77: 0.0047 | N77: 0.0045 | O77: 0.0052 | P77: 0.0056 | Q77: 0.0068 | R77: 0.0067
B78: Port of Galveston | F78: 10398.897 | G78: 104.73 | H78: 142.23 | L78: 01-117 | N78: 0.0438 | O78: 0.0369 | P78: 0.0274 | Q78: 0.0274 | R78: 0.0366
B79: Hampton Roads and Bridge | F79: 11181.61 | G79: 68.23 | H79: 105.73
B80: Watco (06-061) | F80: 12088.92 | G80: 68.19 | H80: 111.69 | L80: COMPLETED PROJECTS | O80: Repair Ratio (%) | P80: Inc. SEW
B81: 05-059 | F81: 1774.0235 | G81: 17.6 | H81: 23.6 | L81: 2022-2024 Proj. Avg | O81: 0.0343 | P81: 0.0644
B82: 04-054 | F82: 6542.8393 | G82: 89.57 | H82: 112.07 | L82: 2025 Proj. Avg | O82: 0.0231 | P82: 0.0371
B83: 02-052c | F83: 102479.43 | G83: 817.92 | H83: 1092.42 | L83: 11-109 | O83: 0.0159 | P83: 0.0321
B84: 04-058 | F84: 2394.9318 | G84: 25.49 | H84: 35.99 | L84: 05-092 | O84: 0.0419 | P84: 0.1217
B85: 09-066 | F85: 3233.0827 | G85: 92.06 | H85: 113.06 | L85: 11-110 | O85: 0.0054 | P85: 0.0183
B86: 04-055b | F86: 14903.808 | G86: 291.64 | H86: 666.64 | L86: 12-114 | O86: 0.0352 | P86: 0.0507
B87: 04-055 | F87: 10398.8 | G87: 104.73 | H87: 142.23 | L87: 05-093 Load . P. | O87: 0.0172 | P87: 3.38
B88: 08-065 | F88: 2561.2465 | G88: 52.72 | H88: 64.72 | L88: 05-093 Marine A. | O88: 0.0149 | P88: 0.0312
B89: 10-070 | F89: 4257.6565 | G89: 14.88 | H89: 28.38 | L89: 12-112 (54") | O89: 0.1024 | P89: 0.1895
B90: 2024Q-10-069 | F90: 14357.187 | G90: 301.98 | H90: 375.48 | L90: 10-106 | O90: 0.0318 | P90: 0.0481
B91: 02-052a | F91: 20460.405 | G91: 115.3 | H91: 170.8 | L91: 02-120 | O91: 0.023 | P91: 0.0297
B92: 12-072 | F92: 4523.76 | G92: 15.98 | H92: 24.92 | L92: 02-121 | O92: 0.004 | P92: 0.0138
... B96: 06-062b | F96: 6108.7895 | G96: 78.47 | H96: 89.65 | L96: 05-092 (Part 2) | O96: 0.0081 | P96: 0.0199
B97: 02-052d | F97: 57393.357 | G97: 260.33 | H97: 416.33
B98: 06-062c | F98: 18413.759 | G98: 54.29 | H98: 84.47
A99: 2025 | B99: 01-076 | F99: 3640.4441 | G99: 34.85 | H99: 47.8 | I99: X
B100: 01-077 | F100: 1840.1736 | G100: 71.47 | H100: 78.97 | I100: X
B101: 2025Q-01-078 + 2025Q-01-080 (Combined) | F101: 3296.9776 | G101: 81.47 | H101: 94.97 | I101: X
B102: 01-075 | F102: 2012.6898 | G102: 5.41 | H102: 12.91 | I102: X
B103: 02-083 | F103: 1589.3134 | G103: 6.3 | H103: 9.3 | I103: X
B104: 04-055 Extra 2 | F104: 670.8966 | G104: 3.81 | H104: 6.81 | I104: x
B105: 02-081 | F105: 1408.8829 | G105: 4.54 | H105: 10.54 | I105: X
B106: 12-073B | F106: 2284.2432 | G106: 10.94 | H106: 19.94 | I106: X
B107: 02-082 | F107: 10453.208 | G107: 56.74 | H107: 104.74 | I107: X
B108: 02-084 | F108: 1878.5105 | G108: 6.17 | H108: 12.17 | I108: X
B109: 12-073a | F109: 15104.758 | G109: 34.6 | H109: 72.1 | I109: X
B110: 12-074a | F110: 4018.8761 | G110: 112.05 | H110: 121.05 | I110: X
B111: 03-087 | F111: 3833.6949 | G111: 49.06 | H111: 64.06 | I111: X
... B153: 2025Q-05-095 P#1 | F153: 18919.284 | G153: 200.05 | H153: 285.55 | I153: X
A154: 2026 | I154: PLATE
B175: 11-109 | F175: 2048 | G175: 10.57 | H175: 19.57 | I175: COIL | J175: X
B176: 05-092 (Part 2) (60 x 0.75) | F176: 7514.042 | G176: 18.59 | H176: 45.59 | J176: X
...

Sheet 05-095 (2.)
A2: Repair Rate : | C2: =B7/((72*3.1415/59)*(50/3.281)) -> 0.024339871 | F2: Repair Rate : | H2: =G7/((72*3.1415/59)*(50/3.281)) -> 0.0095510887 | K2: Repair Rate : | M2: =L7/((72*3.1415/59)*(50/3.281)) -> 1.7116646e-06 | P2: Repair Rate : | R2: =Q7/((72*3.1415/59)*(50/3.281)) -> 0.023466922 | U2: Repair Rate : | W2: =V7/((72*3.1415/59)*(50/3.281)) -> 0.023039006 | Z2: Repair Rate : | AB2: =AA7/((72*3.1415/59)*(50/3.281)) -> 0.01694548 | AE2: Repair Rate : | AG2: =AF7/((72*3.1415/59)*(50/3.281)) -> 0.0421583 | AJ2: Repair Rate : | AL2: =AK7/((72*3.1415/59)*(50/3.281)) -> 0.030433397 | AO2: Repair Rate : | AQ2: =AP7/((72*3.1415/59)*(50/3.281)) -> 0.032607211 | AT2: Repair Rate : | AV2: =AU7/((72*3.1415/59)*(50/3.281)) -> 0.028259583 | AY2: Repair Rate : | BA2: =AZ7/((72*3.1415/59)*(50/3.281)) -> 0.035653974 | BD2: Repair Rate : | BF2: =BE7/((72*3.1415/59)*(50/3.281)) -> 0.10259718 | BI2: Repair Rate : | BK2: =BJ7/((72*3.1415/59)*(50/3.281)) -> 0.090427243 | BN2: Repair Rate : | BP2: =BO7/((72*3.1415/59)*(50/3.281)) -> 0.020420159
A6: 50 ft | B6: 105 | F6: 50 ft | G6: 107 | K6: 50 ft | L6: 109 | P6: 50 ft | Q6: 111 | U6: 50 ft | V6: 113 | Z6: 50 ft | AA6: 115 | AE6: 50 ft | AF6: 117 | AJ6: 50 ft | AK6: 119 | AO6: 50 ft | AP6: 122 | AT6: 50 ft | AU6: 123 | AY6: 50 ft | AZ6: 124 | BD6: 50 ft | BE6: 125 | BI6: 50 ft | BJ6: 126 | BN6: 50 ft | BO6: 127
B7: 1.422 | C7: m. | D7: 1 | E7: B.E | G7: 0.558 | H7: m. | I7: 1 | J7: B.E | L7: 0.0001 | M7: m. | N7: 1 | O7: B.E | Q7: 1.371 | R7: m. | T7: B.E | V7: 1.346 | W7: m. | X7: 1 | Y7: B.E | AA7: 0.99 | AB7: m. | AC7: 1 | AD7: B.E | AF7: 2.463 | AG7: m. | AH7: 1 | AI7: B.E | AK7: 1.778 | AL7: m. | AN7: B.E | AP7: 1.905 | AQ7: m. | AR7: 1 | AS7: B.E | AU7: 1.651 | AV7: m. | AW7: 1 | AX7: B.E | AZ7: 2.083 | BA7: m. | BB7: 1 | BC7: B.E | BE7: 5.994 | BF7: m. | BH7: B.E | BJ7: 5.283 | BK7: m. | BL7: 1 | BM7: B.E | BO7: 1.193 | BP7: m. | BQ7: 1 | BR7: B.E
A8: Repair Rate : | C8: =B13/((72*3.1415/59)*(50/3.281)) -> 1.7116646e-07 | F8: Repair Rate : | H8: =G13/((72*3.1415/59)*(50/3.281)) -> 0.064735156 | K8: Repair Rate : | M8: =L13/((72*3.1415/59)*(50/3.281)) -> 0.059788446 | P8: Repair Rate : | R8: =Q13/((72*3.1415/59)*(50/3.281)) -> 0.034781025 | U8: Repair Rate : | W8: =V13/((72*3.1415/59)*(50/3.281)) -> 0.042603333 | Z8: Repair Rate : | AB8: =AA13/((72*3.1415/59)*(50/3.281)) -> 0.026513685 | AE8: Repair Rate : | AG8: =AF13/((72*3.1415/59)*(50/3.281)) -> 0.030861313 | AJ8: Repair Rate : | AL8: =AK13/((72*3.1415/59)*(50/3.281)) -> 1.7116646e-06 | AO8: Repair Rate : | AQ8: =AP13/((72*3.1415/59)*(50/3.281)) -> 0.043031249 | AT8: Repair Rate : | AV8: =AU13/((72*3.1415/59)*(50/3.281)) -> 0.0026017302 | AY8: Repair Rate : | BA8: =AZ13/((72*3.1415/59)*(50/3.281)) -> 0.0039025954 | BD8: Repair Rate : | BF8: =BE13/((72*3.1415/59)*(50/3.281)) -> 1.7116646e-06 | BI8: Repair Rate : | BK8: =BJ13/((72*3.1415/59)*(50/3.281)) -> 0.061294711 | BN8: Repair Rate : | BP8: =BO13/((72*3.1415/59)*(50/3.281)) -> 0.015216699
A12: 50 ft | B12: 128 | F12: 50 ft | G12: 129 | K12: 50 ft | L12: 131 | P12: 50 ft | Q12: 132 | U12: 50 ft | V12: 134 | Z12: 50 ft | AA12: 135 | AE12: 50 ft | AF12: 136 | AJ12: 50 ft | AK12: 137 | AO12: 50 ft | AP12: 138 | AT12: 50 ft | AU12: 139 | AY12: 50 ft | AZ12: 140 | BD12: 50 ft | BE12: 142 | BI12: 50 ft | BJ12: 143 | BN12: 50 ft | BO12: 145
B13: 1e-05 | C13: m. | E13: B.E | G13: 3.782 | H13: m. | I13: 1 | J13: B.E | L13: 3.493 | M13: m. | N13: 1 | O13: B.E | Q13: 2.032 | R13: m. | S13: 1 | T13: B.E | V13: 2.489 | W13: m. | X13: 1 | Y13: B.E | AA13: 1.549 | AB13: m. | AC13: 1 | AD13: B.E | AF13: 1.803 | AG13: m. | AI13: B.E | AK13: 0.0001 | AL13: m. | AM13: 1 | AN13: B.E | AP13: 2.514 | AQ13: m. | AR13: 1 | AS13: B.E | AU13: 0.152 | AV13: m. | AX13: B.E | AZ13: 0.228 | BA13: m. | BB13: 1 | BC13: B.E | BE13: 0.0001 | BF13: m. | BG13: 1 | BH13: B.E | BJ13: 3.581 | BK13: m. | BL13: 1 | BM13: B.E | BO13: 0.889 | BP13: m. | BQ13: 1 | BR13: B.E
A14: Repair Rate : | C14: =B19/((72*3.1415/59)*(50/3.281)) -> 0.051726505 | F14: Repair Rate : | H14: =G19/((72*3.1415/59)*(50/3.281)) -> 0.022166057 | K14: Repair Rate : | M14: =L19/((72*3.1415/59)*(50/3.281)) -> 0.07303673 | P14: Repair Rate : | R14: =Q19/((72*3.1415/59)*(50/3.281)) -> 1.7116646e-06 | U14: Repair Rate : | W14: =V19/((72*3.1415/59)*(50/3.281)) -> 0.093474006 | Z14: Repair Rate : | AB14: =AA19/((72*3.1415/59)*(50/3.281)) -> 0.016072531 | AE14: Repair Rate : | AG14: =AF19/((72*3.1415/59)*(50/3.281)) -> 0.10259718 | AJ14: Repair Rate : | AL14: =AK19/((72*3.1415/59)*(50/3.281)) -> 0.063896441 | AO14: Repair Rate : | AQ14: =AP19/((72*3.1415/59)*(50/3.281)) -> 0.046950961 | AT14: Repair Rate : | AV14: =AU19/((72*3.1415/59)*(50/3.281)) -> 0.017390513 | AY14: Repair Rate : | BA14: =AZ19/((72*3.1415/59)*(50/3.281)) -> 0.0017287813 | BD14: Repair Rate : | BF14: =BE19/((72*3.1415/59)*(50/3.281)) -> 1.7116646e-06 | BI14: Repair Rate : | BK14: =BJ19/((72*3.1415/59)*(50/3.281)) -> 0.19607118 | BN14: Repair Rate : | BP14: =BO19/((72*3.1415/59)*(50/3.281)) -> 0.031289229
A18: 50 ft | B18: 146 | F18: 50 ft | G18: 147 | K18: 50 ft | L18: 148 | P18: 50 ft | Q18: 150 | U18: 50 ft | V18: 151 | Z18: 50 ft | AA18: 152 | AE18: 50 ft | AF18: 153 | AJ18: 50 ft | AK18: 154 | AO18: 50 ft | AP18: 155 | AT18: 50 ft | AU18: 156 | AY18: 50 ft | AZ18: 157 | BD18: 50 ft | BE18: 158 | BI18: 50 ft | BJ18: 159 | BN18: 50 ft | BO18: 161
B19: 3.022 | C19: m. | D19: 1 | E19: B.E | G19: 1.295 | H19: m. | J19: B.E | L19: 4.267 | M19: m. | N19: 1 | O19: B.E | Q19: 0.0001 | R19: m. | S19: 1 | T19: B.E | V19: 5.461 | W19: m. | X19: 1 | Y19: B.E | AA19: 0.939 | AB19: m. | AD19: B.E | AF19: 5.994 | AG19: m. | AH19: 1 | AI19: B.E | AK19: 3.733 | AL19: m. | AM19: 1 | AN19: B.E | AP19: 2.743 | AQ19: m. | AS19: B.E | AU19: 1.016 | AV19: m. | AW19: 1 | AX19: B.E | AZ19: 0.101 | BA19: m. | BB19: 1 | BC19: B.E | BE19: 0.0001 | BF19: m. | BH19: B.E | BJ19: 11.455 | BK19: m. | BL19: 1 | BM19: B.E | BO19: 1.828 | BP19: m. | BQ19: 1 | BR19: B.E
A20: Repair Rate : | C20: =B25/((72*3.1415/59)*(50/3.281)) -> 0.13352696 | F20: Repair Rate : | H20: =G25/((72*3.1415/59)*(50/3.281)) -> 0.043904198 | K20: Repair Rate : | M20: =L25/((72*3.1415/59)*(50/3.281)) -> 0.0034746792 | P20: Repair Rate : | R20: =Q25/((72*3.1415/59)*(50/3.281)) -> 0.017818429 | U20: Repair Rate : | W20: =V25/((72*3.1415/59)*(50/3.281)) -> 0.016072531 | Z20: Repair Rate : | AB20: =AA25/((72*3.1415/59)*(50/3.281)) -> 0.30955113 | AE20: Repair Rate : | AG20: =AF25/((72*3.1415/59)*(50/3.281)) -> 0.26955295 | AJ20: Repair Rate : | AL20: =AK25/((72*3.1415/59)*(50/3.281)) -> 0.070417883 | AO20: Repair Rate : | AQ20: =AP25/((72*3.1415/59)*(50/3.281)) -> 0.012169936 | AT20: Repair Rate : | AV20: =AU25/((72*3.1415/59)*(50/3.281)) -> 0.044332114 | AY20: Repair Rate : | BA20: =AZ25/((72*3.1415/59)*(50/3.281)) -> 0.20606731 | BD20: Repair Rate : | BF20: =BE25/((72*3.1415/59)*(50/3.281)) -> 0.0095510887 | BI20: Repair Rate : | BK20: =BJ25/((72*3.1415/59)*(50/3.281)) -> 0.10607186 | BN20: Repair Rate : | BP20: =BO25/((72*3.1415/59)*(50/3.281)) -> 0.067816153
A24: 50 ft | B24: 162 | F24: 50 ft | G24: 163 | K24: 50 ft | L24: 164 | P24: 50 ft | Q24: 165 | U24: 50 ft | V24: 166 | Z24: 50 ft | AA24: 167 | AE24: 50 ft | AF24: 168 | AJ24: 50 ft | AK24: 169 | AO24: 50 ft | AP24: 170 | AT24: 50 ft | AU24: 171 | AY24: 50 ft | AZ24: 172 | BD24: 50 ft | BE24: 173 | BI24: 50 ft | BJ24: 174 | BN24: 50 ft | BO24: 175
B25: 7.801 | C25: m. | D25: 1 | E25: B.E | G25: 2.565 | H25: m. | J25: B.E | L25: 0.203 | M25: m. | N25: 1 | O25: B.E | Q25: 1.041 | R25: m. | S25: 1 | T25: B.E | V25: 0.939 | W25: m. | Y25: B.E | AA25: 18.0848 | AB25: m. | AD25: B.E | AF25: 15.748 | AG25: m. | AH25: 1 | AI25: B.E | AK25: 4.114 | AL25: m. | AM25: 1 | AN25: B.E | AP25: 0.711 | AQ25: m. | AS25: B.E | AU25: 2.59 | AV25: m. | AW25: 1 | AX25: B.E | AZ25: 12.039 | BA25: m. | BC25: B.E | BE25: 0.558 | BF25: m. | BG25: 1 | BH25: B.E | BJ25: 6.197 | BK25: m. | BL25: 1 | BM25: B.E | BO25: 3.962 | BP25: m. | BR25: B.E
A26: Repair Rate : | C26: =B31/((72*3.1415/59)*(50/3.281)) -> 0.057374998 | F26: Repair Rate : | H26: =G31/((72*3.1415/59)*(50/3.281)) -> 0.1086907 | K26: Repair Rate : | M26: =L31/((72*3.1415/59)*(50/3.281)) -> 0.0069493584 | P26: Repair Rate : | R26: =Q31/((72*3.1415/59)*(50/3.281)) -> 0.031289229 | U26: Repair Rate : | W26: =V31/((72*3.1415/59)*(50/3.281)) -> 0.0078223074 | Z26: Repair Rate : | AB26: =AA31/((72*3.1415/59)*(50/3.281)) -> 1.7116646e-14 | AE26: Repair Rate : | AG26: =AF31/((72*3.1415/59)*(50/3.281)) -> 0.17910859 | AJ26: Repair Rate : | AL26: =AK31/((72*3.1415/59)*(50/3.281)) -> 1.7116646e-06 | AO26: Repair Rate : | AQ26: =AP31/((72*3.1415/59)*(50/3.281)) -> 0.039984486 | AT26: Repair Rate : | AV26: =AU31/((72*3.1415/59)*(50/3.281)) -> 0.10954654 | AY26: Repair Rate : | BA26: =AZ31/((72*3.1415/59)*(50/3.281)) -> 0.05042564 | BD26: Repair Rate : | BF26: =BE31/((72*3.1415/59)*(50/3.281)) -> 0.030433397 | BI26: Repair Rate : | BK26: =BJ31/((72*3.1415/59)*(50/3.281)) -> 0.010424038 | BN26: Repair Rate : | BP26: =BO31/((72*3.1415/59)*(50/3.281)) -> 0.013898717
A30: 50 ft | B30: 176 | F30: 50 ft | G30: 177 | K30: 50 ft | L30: 178 | P30: 50 ft | Q30: 179 | U30: 50 ft | V30: 180 | Z30: 50 ft | AA30: 181 | AE30: 50 ft | AF30: 182 | AJ30: 50 ft | AK30: 184 | AO30: 50 ft | AP30: 185 | AT30: 50 ft | AU30: 186 | AY30: 50 ft | AZ30: 187 | BD30: 50 ft | BE30: 188 | BI30: 50 ft | BJ30: 189 | BN30: 50 ft | BO30: 190
B31: 3.352 | C31: m. | D31: 1 | E31: B.E | G31: 6.35 | H31: m. | I31: 1 | J31: B.E | L31: 0.406 | M31: m. | O31: B.E | Q31: 1.828 | R31: m. | S31: 1 | T31: B.E | V31: 0.457 | W31: m. | X31: 1 | Y31: B.E | AA31: 1e-12 | AB31: m. | AD31: B.E | AF31: 10.464 | AG31: m. | AH31: 1 | AI31: B.E | AK31: 0.0001 | AL31: m. | AM31: 1 | AN31: B.E | AP31: 2.336 | AQ31: m. | AR31: 1 | AS31: B.E | AU31: 6.4 | AV31: m. | AX31: B.E | AZ31: 2.946 | BA31: m. | BB31: 1 | BC31: B.E | BE31: 1.778 | BF31: m. | BG31: 1 | BH31: B.E | BJ31: 0.609 | BK31: m. | BM31: B.E | BO31: 0.812 | BP31: m. | BQ31: 1 | BR31: B.E
A32: Repair Rate : | C32: =B37/((72*3.1415/59)*(50/3.281)) -> 0.014771666 | F32: Repair Rate : | H32: =G37/((72*3.1415/59)*(50/3.281)) -> 0.0073772746 | K32: Repair Rate : | M32: =L37/((72*3.1415/59)*(50/3.281)) -> 0.030861313 | P32: Repair Rate : | R32: =Q37/((72*3.1415/59)*(50/3.281)) -> 0.088691615 | U32: Repair Rate : | W32: =V37/((72*3.1415/59)*(50/3.281)) -> 0.012597852 | Z32: Repair Rate : | AB32: =AA37/((72*3.1415/59)*(50/3.281)) -> 0.13825115 | AE32: Repair Rate : | AG32: =AF37/((72*3.1415/59)*(50/3.281)) -> 0.094774871 | AJ32: Repair Rate : | AL32: =AK37/((72*3.1415/59)*(50/3.281)) -> 0.068689102 | AO32: Repair Rate : | AQ32: =AP37/((72*3.1415/59)*(50/3.281)) -> 0.019564327 | AT32: Repair Rate : | AV32: =AU37/((72*3.1415/59)*(50/3.281)) -> 0.013042885 | AY32: Repair Rate : | BA32: =AZ37/((72*3.1415/59)*(50/3.281)) -> 0.098677466 | BD32: Repair Rate : | BF32: =BE37/((72*3.1415/59)*(50/3.281)) -> 0.092601057 | BI32: Repair Rate : | BK32: =BJ37/((72*3.1415/59)*(50/3.281)) -> 0.010424038 | BN32: Repair Rate : | BP32: =BO37/((72*3.1415/59)*(50/3.281)) -> 0.052171538
A36: 50 ft | B36: 191 | F36: 50 ft | G36: 192 | K36: 50 ft | L36: 193 | P36: 50 ft | Q36: 194 | U36: 50 ft | V36: 195 | Z36: 50 ft | AA36: 196 | AE36: 50 ft | AF36: 198 | AJ36: 50 ft | AK36: 199 | AO36: 50 ft | AP36: 200 | AT36: 50 ft | AU36: 201 | AY36: 50 ft | AZ36: 202 | BD36: 50 ft | BE36: 203 | BI36: 50 ft | BJ36: 204 | BN36: 50 ft | BO36: 205
B37: 0.863 | C37: m. | D37: 1 | E37: B.E | G37: 0.431 | H37: m. | J37: B.E | L37: 1.803 | M37: m. | N37: 1 | O37: B.E | Q37: 5.1816 | R37: m. | S37: 1 | T37: B.E | V37: 0.736 | W37: m. | Y37: B.E | AA37: 8.077 | AB37: m. | AC37: 1 | AD37: B.E | AF37: 5.537 | AG37: m. | AH37: 1 | AI37: B.E | AK37: 4.013 | AL37: m. | AM37: 1 | AN37: B.E | AP37: 1.143 | AQ37: m. | AS37: B.E | AU37: 0.762 | AV37: m. | AW37: 1 | AX37: B.E | AZ37: 5.765 | BA37: m. | BB37: 1 | BC37: B.E | BE37: 5.41 | BF37: m. | BH37: B.E | BJ37: 0.609 | BK37: m. | BL37: 1 | BM37: B.E | BO37: 3.048 | BP37: m. | BQ37: 1 | BR37: B.E
A38: Repair Rate : | C38: =B43/((72*3.1415/59)*(50/3.281)) -> 0.074337595 | F38: Repair Rate : | H38: =G43/((72*3.1415/59)*(50/3.281)) -> 0.010424038 | K38: Repair Rate : | M38: =L43/((72*3.1415/59)*(50/3.281)) -> 0.032162178 | P38: Repair Rate : | R38: =Q43/((72*3.1415/59)*(50/3.281)) -> 0.056084403 | U38: Repair Rate : | W38: =V43/((72*3.1415/59)*(50/3.281)) -> 0.020433852 | Z38: Repair Rate : | AB38: =AA43/((72*3.1415/59)*(50/3.281)) -> 0.070417883 | AE38: Repair Rate : | AG38: =AF43/((72*3.1415/59)*(50/3.281)) -> 0.039128654 | AJ38: Repair Rate : | AL38: =AK43/((72*3.1415/59)*(50/3.281)) -> 0.022172904 | AO38: Repair Rate : | AQ38: =AP43/((72*3.1415/59)*(50/3.281)) -> 0.026085769 | AT38: Repair Rate : | AV38: =AU43/((72*3.1415/59)*(50/3.281)) -> 0.031737686 | AY38: Repair Rate : | BA38: =AZ43/((72*3.1415/59)*(50/3.281)) -> 0.041730384 | BD38: Repair Rate : | BF38: =BE43/((72*3.1415/59)*(50/3.281)) -> 0.043476282 | BI38: Repair Rate : | BK38: =BJ43/((72*3.1415/59)*(50/3.281)) -> 0.0069562051 | BN38: Repair Rate : | BP38: =BO43/((72*3.1415/59)*(50/3.281)) -> 0.03086816
A42: 50 ft | B42: 223 | F42: 50 ft | G42: 224 | K42: 50 ft | L42: 226 | P42: 50 ft | Q42: 247 | U42: 50 ft | V42: 248 | Z42: 50 ft | AA42: 249 | AE42: 50 ft | AF42: 250 | AJ42: 50 ft | AK42: 251 | AO42: 50 ft | AP42: 252 | AT42: 50 ft | AU42: 253 | AY42: 50 ft | AZ42: 254 | BD42: 50 ft | BE42: 255 | BI42: 50 ft | BJ42: 256 | BN42: 50 ft | BO42: 258
B43: 4.343 | C43: m. | E43: B.E | G43: 0.609 | H43: m. | J43: B.E | L43: 1.879 | M43: m. | N43: 1 | O43: B.E | Q43: 3.2766 | R43: m. | T43: B.E | V43: 1.1938 | W43: m. | X43: 1 | Y43: B.E | AA43: 4.114 | AB43: m. | AC43: 1 | AD43: B.E | AF43: 2.286 | AG43: m. | AI43: B.E | AK43: 1.2954 | AL43: m. | AM43: 1 | AN43: B.E | AP43: 1.524 | AQ43: m. | AR43: 1 | AS43: B.E | AU43: 1.8542 | AV43: m. | AX43: B.E | AZ43: 2.438 | BA43: m. | BB43: 1 | BC43: B.E | BE43: 2.54 | BF43: m. | BG43: 1 | BH43: B.E | BJ43: 0.4064 | BK43: m. | BM43: B.E | BO43: 1.8034 | BP43: m. | BQ43: 1 | BR43: B.E
A44: Repair Rate : | C44: =B49/((72*3.1415/59)*(50/3.281)) -> 0.0052171538 | F44: Repair Rate : | H44: =G49/((72*3.1415/59)*(50/3.281)) -> 0.0052171538 | K44: Repair Rate : | M44: =L49/((72*3.1415/59)*(50/3.281)) -> 0.029563872 | P44: Repair Rate : | R44: =Q49/((72*3.1415/59)*(50/3.281)) -> 1.7116646e-11 | U44: Repair Rate : | W44: =V49/((72*3.1415/59)*(50/3.281)) -> 0.15564509 | Z44: Repair Rate : | AB44: =AA49/((72*3.1415/59)*(50/3.281)) -> 0.068244069 | AE44: Repair Rate : | AG44: =AF49/((72*3.1415/59)*(50/3.281)) -> 0.049562961 | AJ44: Repair Rate : | AL44: =AK49/((72*3.1415/59)*(50/3.281)) -> 0.06477966 | AO44: Repair Rate : | AQ44: =AP49/((72*3.1415/59)*(50/3.281)) -> 0.047378877 | AT44: Repair Rate : | AV44: =AU49/((72*3.1415/59)*(50/3.281)) -> 0.016086224 | AY44: Repair Rate : | BA44: =AZ49/((72*3.1415/59)*(50/3.281)) -> 0.040857435 | BD44: Repair Rate : | BF44: =BE49/((72*3.1415/59)*(50/3.281)) -> 0.23997538 | BI44: Repair Rate : | BK44: =BJ49/((72*3.1415/59)*(50/3.281)) -> 0.0065214423 | BN44: Repair Rate : | BP44: =BO49/((72*3.1415/59)*(50/3.281)) -> 0.085648275
A48: 50 ft | B48: 264 | F48: 50 ft | G48: 265 | K48: 50 ft | L48: 266 | P48: 50 ft | Q48: 268 | U48: 50 ft | V48: 269 | Z48: 50 ft | AA48: 270 | AE48: 50 ft | AF48: 271 | AJ48: 50 ft | AK48: 272 | AO48: 50 ft | AP48: 273 | AT48: 50 ft | AU48: 274 | AY48: 50 ft | AZ48: 275 | BD48: 50 ft | BE48: 276 | BI48: 50 ft | BJ48: 277 | BN48: 50 ft | BO48: 278
B49: 0.3048 | C49: m. | E49: B.E | G49: 0.3048 | H49: m. | I49: 1 | J49: B.E | L49: 1.7272 | M49: m. | N49: 1 | O49: B.E | Q49: 1e-09 | R49: m. | S49: 1 | T49: B.E | V49: 9.0932 | W49: m. | X49: 1 | Y49: B.E | AA49: 3.987 | AB49: m. | AC49: 1 | AD49: B.E | AF49: 2.8956 | AG49: m. | AI49: B.E | AK49: 3.7846 | AL49: m. | AM49: 1 | AN49: B.E | AP49: 2.768 | AQ49: m. | AR49: 1 | AS49: B.E | AU49: 0.9398 | AV49: m. | AX49: B.E | AZ49: 2.387 | BA49: m. | BB49: 1 | BC49: B.E | BE49: 14.02 | BF49: m. | BG49: 1 | BH49: B.E | BJ49: 0.381 | BK49: m. | BM49: B.E | BO49: 5.0038 | BP49: m. | BQ49: 1 | BR49: B.E
A63: Repair Rate : | C63: =B68/((72*3.1415/59)*(50/3.281)) -> 0.039128654 | F63: Repair Rate : | H63: =G68/((72*3.1415/59)*(50/3.281)) -> 0.019564327 | K63: Repair Rate : | M63: =L68/((72*3.1415/59)*(50/3.281)) -> 0.060432032 | P63: Repair Rate : | R63: =Q68/((72*3.1415/59)*(50/3.281)) -> 0.045650096 | U63: Repair Rate : | W63: =V68/((72*3.1415/59)*(50/3.281)) -> 0.020865192 | Z63: Repair Rate : | AB63: =AA68/((72*3.1415/59)*(50/3.281)) -> 0.028687499 | AE63: Repair Rate : | AG63: =AF68/((72*3.1415/59)*(50/3.281)) -> 0.02782482 | AJ63: Repair Rate : | AL63: =AK68/((72*3.1415/59)*(50/3.281)) -> 0.02521282 | AO63: Repair Rate : | AQ63: =AP68/((72*3.1415/59)*(50/3.281)) -> 0.056074133 | AT63: Repair Rate : | AV63: =AU68/((72*3.1415/59)*(50/3.281)) -> 0.037810672 | AY63: Repair Rate : | BA63: =AZ68/((72*3.1415/59)*(50/3.281)) -> 0.042603333 | BD63: Repair Rate : | BF63: =BE68/((72*3.1415/59)*(50/3.281)) -> 0.0339115 | BI63: Repair Rate : | BK63: =BJ68/((72*3.1415/59)*(50/3.281)) -> 0.011724903 | BN63: Repair Rate : | BP63: =BO68/((72*3.1415/59)*(50/3.281)) -> 0.053910589
A67: 50 ft | B67: 279 | F67: 50 ft | G67: 280 | K67: 50 ft | L67: 281 | P67: 50 ft | Q67: 282 | U67: 50 ft | V67: 283 | Z67: 50 ft | AA67: 284 | AE67: 50 ft | AF67: 285 | AJ67: 50 ft | AK67: 286 | AO67: 50 ft | AP67: 287 | AT67: 50 ft | AU67: 288 | AY67: 50 ft | AZ67: 289 | BD67: 50 ft | BE67: 290 | BI67: 50 ft | BJ67: 291 | BN67: 50 ft | BO67: 292
B68: 2.286 | C68: m. | D68: 1 | E68: B.E | G68: 1.143 | H68: m. | J68: B.E | L68: 3.5306 | M68: m. | N68: 1 | O68: B.E | Q68: 2.667 | R68: m. | S68: 1 | T68: B.E | V68: 1.219 | W68: m. | Y68: B.E | AA68: 1.676 | AB68: m. | AC68: 1 | AD68: B.E | AF68: 1.6256 | AG68: m. | AH68: 1 | AI68: B.E | AK68: 1.473 | AL68: m. | AN68: B.E | AP68: 3.276 | AQ68: m. | AR68: 1 | AS68: B.E | AU68: 2.209 | AV68: m. | AW68: 1 | AX68: B.E | AZ68: 2.489 | BA68: m. | BC68: B.E | BE68: 1.9812 | BF68: m. | BG68: 1 | BH68: B.E | BJ68: 0.685 | BK68: m. | BL68: 1 | BM68: B.E | BO68: 3.1496 | BP68: m. | BR68: B.E
A69: Repair Rate : | C69: =B74/((72*3.1415/59)*(45/3.281)) -> 0.038151103 | F69: Repair Rate : | H69: =G74/((72*3.1415/59)*(45/3.281)) -> 0.03767564 | K69: Repair Rate : | M69: =L74/((72*3.1415/59)*(45/3.281)) -> 1.9018496e-07 | P69: Repair Rate : | R69: =Q74/((72*3.1415/59)*(45/3.281)) -> 1.9018496e-06 | U69: Repair Rate : | W69: =V74/((72*3.1415/59)*(45/3.281)) -> 0.05652297 | Z69: Repair Rate : | AB69: =AA74/((72*3.1415/59)*(45/3.281)) -> 0.030905056 | AE69: Repair Rate : | AG69: =AF74/((72*3.1415/59)*(45/3.281)) -> 0.0081969717 | AJ69: Repair Rate : | AL69: =AK74/((72*3.1415/59)*(45/3.281)) -> 0.042011857 | AO69: Repair Rate : | AQ69: =AP74/((72*3.1415/59)*(45/3.281)) -> 0.068580696 | AT69: Repair Rate : | AV69: =AU74/((72*3.1415/59)*(45/3.281)) -> 0.029935113 | AY69: Repair Rate : | BA69: =AZ74/((72*3.1415/59)*(45/3.281)) -> 1.9018496e-07 | BD69: Repair Rate : | BF69: =BE74/((72*3.1415/59)*(45/3.281)) -> 0.072460469 | BI69: Repair Rate : | BK69: =BJ74/((72*3.1415/59)*(45/3.281)) -> 0.09218265 | BN69: Repair Rate : | BP69: =BO74/((72*3.1415/59)*(45/3.281)) -> 1.9018496e-05
A73: 45 ft | B73: 103 | F73: 45 ft | G73: 104 | K73: 45 ft | L73: 106 | P73: 45 ft | Q73: 108 | U73: 45 ft | V73: 110 | Z73: 45 ft | AA73: 112 | AE73: 45 ft | AF73: 114 | AJ73: 45 ft | AK73: 116 | AO73: 45 ft | AP73: 118 | AT73: 45 ft | AU73: 120 | AY73: 45 ft | AZ73: 121 | BD73: 45 ft | BE73: 130 | BI73: 45 ft | BJ73: 133 | BN73: 45 ft | BO73: 141
B74: 2.006 | C74: m. | E74: B.E | G74: 1.981 | H74: m. | I74: 1 | J74: B.E | L74: 1e-05 | M74: m. | O74: B.E | Q74: 0.0001 | R74: m. | T74: B.E | V74: 2.972 | W74: m. | X74: 1 | Y74: B.E | AA74: 1.625 | AB74: m. | AC74: 1 | AD74: B.E | AF74: 0.431 | AG74: m. | AI74: B.E | AK74: 2.209 | AL74: m. | AN74: B.E | AP74: 3.606 | AQ74: m. | AR74: 1 | AS74: B.E | AU74: 1.574 | AV74: m. | AW74: 1 | AX74: B.E | AZ74: 1e-05 | BA74: m. | BC74: B.E | BE74: 3.81 | BF74: m. | BH74: B.E | BJ74: 4.847 | BK74: m. | BM74: B.E | BO74: 0.001 | BP74: m. | BR74: B.E
A75: Repair Rate : | C75: =B80/((72*3.1415/59)*(45/3.281)) -> 0.06182913 | F75: Repair Rate : | H75: =G80/((72*3.1415/59)*(45/3.281)) -> 0.002415349 | K75: Repair Rate : | M75: =L80/((72*3.1415/59)*(45/3.281)) -> 0.002415349 | P75: Repair Rate : | R75: =Q80/((72*3.1415/59)*(45/3.281)) -> 0.050722329 | U75: Repair Rate : | W75: =V80/((72*3.1415/59)*(45/3.281)) -> 0.035735754 | Z75: Repair Rate : | AB75: =AA80/((72*3.1415/59)*(45/3.281)) -> 0.01302767 | AE75: Repair Rate : | AG75: =AF80/((72*3.1415/59)*(45/3.281)) -> 0.053137678 | AJ75: Repair Rate : | AL75: =AK80/((72*3.1415/59)*(45/3.281)) -> 1.9018496e-12 | AO75: Repair Rate : | AQ75: =AP80/((72*3.1415/59)*(45/3.281)) -> 0.0159375 | AT75: Repair Rate : | AV75: =AU80/((72*3.1415/59)*(45/3.281)) -> 0.11201894 | AY75: Repair Rate : | BA75: =AZ80/((72*3.1415/59)*(45/3.281)) -> 0.025598896 | BD75: Repair Rate : | BF75: =BE80/((72*3.1415/59)*(45/3.281)) -> 0.019798254 | BI75: Repair Rate : | BK75: =BJ80/((72*3.1415/59)*(45/3.281)) -> 0.0081969717 | BN75: Repair Rate : | BP75: =BO80/((72*3.1415/59)*(45/3.281)) -> 0.028489707
A79: 45 ft | B79: 144 | F79: 45 ft | G79: 149 | K79: 45 ft | L79: 160 | P79: 45 ft | Q79: 183 | U79: 45 ft | V79: 197 | Z79: 45 ft | AA79: 206 | AE79: 45 ft | AF79: 207 | AJ79: 45 ft | AK79: 208 | AO79: 45 ft | AP79: 209 | AT79: 45 ft | AU79: 210 | AY79: 45 ft | AZ79: 211 | BD79: 45 ft | BE79: 212 | BI79: 45 ft | BJ79: 213 | BN79: 45 ft | BO79: 214
B80: 3.251 | C80: m. | E80: B.E | G80: 0.127 | H80: m. | J80: B.E | L80: 0.127 | M80: m. | O80: B.E | Q80: 2.667 | R80: m. | T80: B.E | V80: 1.879 | W80: m. | Y80: B.E | AA80: 0.685 | AB80: m. | AD80: B.E | AF80: 2.794 | AG80: m. | AH80: 1 | AI80: B.E | AK80: 1e-10 | AL80: m. | AN80: B.E | AP80: 0.838 | AQ80: m. | AR80: 1 | AS80: B.E | AU80: 5.89 | AV80: m. | AX80: B.E | AZ80: 1.346 | BA80: m. | BB80: 1 | BC80: B.E | BE80: 1.041 | BF80: m. | BG80: 1 | BH80: B.E | BJ80: 0.431 | BK80: m. | BM80: B.E | BO80: 1.498 | BP80: m. | BQ80: 1 | BR80: B.E
A81: Repair Rate : | C81: =B86/((72*3.1415/59)*(45/3.281)) -> 0.063274536 | F81: Repair Rate : | H81: =G86/((72*3.1415/59)*(45/3.281)) -> 0.017382905 | K81: Repair Rate : | M81: =L86/((72*3.1415/59)*(45/3.281)) -> 0.012552207 | P81: Repair Rate : | R81: =Q86/((72*3.1415/59)*(45/3.281)) -> 0.0057968376 | U81: Repair Rate : | W81: =V86/((72*3.1415/59)*(45/3.281)) -> 1.9018496e-15 | Z81: Repair Rate : | AB81: =AA86/((72*3.1415/59)*(45/3.281)) -> 0.012552207 | AE81: Repair Rate : | AG81: =AF86/((72*3.1415/59)*(45/3.281)) -> 0.065689885 | AJ81: Repair Rate : | AL81: =AK86/((72*3.1415/59)*(45/3.281)) -> 0.060383725 | AO81: Repair Rate : | AQ81: =AP86/((72*3.1415/59)*(45/3.281)) -> 0.025598896 | AT81: Repair Rate : | AV81: =AU86/((72*3.1415/59)*(45/3.281)) -> 0.061334649 | AY81: Repair Rate : | BA81: =AZ86/((72*3.1415/59)*(45/3.281)) -> 0.092258724 | BD81: Repair Rate : | BF81: =BE86/((72*3.1415/59)*(45/3.281)) -> 0.099512378 | BI81: Repair Rate : | BK81: =BJ86/((72*3.1415/59)*(45/3.281)) -> 0.013997613 | BN81: Repair Rate : | BP81: =BO86/((72*3.1415/59)*(45/3.281)) -> 0.0067629771
A85: 45 ft | B85: 215 | F85: 45 ft | G85: 216 | K85: 45 ft | L85: 217 | P85: 45 ft | Q85: 218 | U85: 45 ft | V85: 219 | Z85: 45 ft | AA85: 220 | AE85: 45 ft | AF85: 221 | AJ85: 45 ft | AK85: 222 | AO85: 45 ft | AP85: 225 | AT85: 45 ft | AU85: 227 | AY85: 45 ft | AZ85: 228 | BD85: 45 ft | BE85: 229 | BI85: 45 ft | BJ85: 230 | BN85: 45 ft | BO85: 231
B86: 3.327 | C86: m. | E86: B.E | G86: 0.914 | H86: m. | I86: 1 | J86: B.E | L86: 0.66 | M86: m. | N86: 1 | O86: B.E | Q86: 0.3048 | R86: m. | T86: B.E | V86: 1e-13 | W86: m. | X86: 1 | Y86: B.E | AA86: 0.66 | AB86: m. | AD86: B.E | AF86: 3.454 | AG86: m. | AH86: 1 | AI86: B.E | AK86: 3.175 | AL86: m. | AN86: B.E | AP86: 1.346 | AQ86: m. | AS86: B.E | AU86: 3.225 | AV86: m. | AX86: B.E | AZ86: 4.851 | BA86: m. | BB86: 1 | BC86: B.E | BE86: 5.2324 | BF86: m. | BH86: B.E | BJ86: 0.736 | BK86: m. | BL86: 1 | BM86: B.E | BO86: 0.3556 | BP86: m. | BQ86: 1 | BR86: B.E
A87: Repair Rate : | C87: =B92/((72*3.1415/59)*(45/3.281)) -> 0.0038607547 | F87: Repair Rate : | H87: =G92/((72*3.1415/59)*(45/3.281)) -> 0.066663632 | K87: Repair Rate : | M87: =L92/((72*3.1415/59)*(45/3.281)) -> 0.010627536 | P87: Repair Rate : | R87: =Q92/((72*3.1415/59)*(45/3.281)) -> 0.0086952563 | U87: Repair Rate : | W87: =V92/((72*3.1415/59)*(45/3.281)) -> 0.17196524 | Z87: Repair Rate : | AB87: =AA92/((72*3.1415/59)*(45/3.281)) -> 0.027051909 | AE87: Repair Rate : | AG87: =AF92/((72*3.1415/59)*(45/3.281)) -> 0.019322792 | AJ87: Repair Rate : | AL87: =AK92/((72*3.1415/59)*(45/3.281)) -> 1.9018496e-13 | AO87: Repair Rate : | AQ87: =AP92/((72*3.1415/59)*(45/3.281)) -> 0.034297956 | AT87: Repair Rate : | AV87: =AU92/((72*3.1415/59)*(45/3.281)) -> 0.022221211 | AY87: Repair Rate : | BA87: =AZ92/((72*3.1415/59)*(45/3.281)) -> 0.028018048 | BD87: Repair Rate : | BF87: =BE92/((72*3.1415/59)*(45/3.281)) -> 0.1135214 | BI87: Repair Rate : | BK87: =BJ92/((72*3.1415/59)*(45/3.281)) -> 0.11255526 | BN87: Repair Rate : | BP87: =BO92/((72*3.1415/59)*(45/3.281)) -> 0.085012677
A91: 45 ft | B91: 232 | F91: 45 ft | G91: 233 | K91: 45 ft | L91: 234 | P91: 45 ft | Q91: 235 | U91: 45 ft | V91: 236 | Z91: 45 ft | AA91: 237 | AE91: 45 ft | AF91: 238 | AJ91: 45 ft | AK91: 239 | AO91: 45 ft | AP91: 240 | AT91: 45 ft | AU91: 241 | AY91: 45 ft | AZ91: 242 | BD91: 45 ft | BE91: 243 | BI91: 45 ft | BJ91: 244 | BN91: 45 ft | BO91: 245
B92: 0.203 | C92: m. | E92: B.E | G92: 3.5052 | H92: m. | I92: 1 | J92: B.E | L92: 0.5588 | M92: m. | O92: B.E | Q92: 0.4572 | R92: m. | S92: 1 | T92: B.E | V92: 9.042 | W92: m. | X92: 1 | Y92: B.E | AA92: 1.4224 | AB92: m. | AD92: B.E | AF92: 1.016 | AG92: m. | AH92: 1 | AI92: B.E | AK92: 1e-11 | AL92: m. | AN92: B.E | AP92: 1.8034 | AQ92: m. | AR92: 1 | AS92: B.E | AU92: 1.1684 | AV92: m. | AW92: 1 | AX92: B.E | AZ92: 1.4732 | BA92: m. | BC92: B.E | BE92: 5.969 | BF92: m. | BH92: B.E | BJ92: 5.9182 | BK92: m. | BM92: B.E | BO92: 4.47 | BP92: m. | BQ92: 1 | BR92: B.E
A93: Repair Rate : | C93: =B98/((72*3.1415/59)*(45/3.281)) -> 0.079706516 | F93: Repair Rate : | H93: =G98/((72*3.1415/59)*(45/3.281)) -> 0.040094793 | K93: Repair Rate : | M93: =L98/((72*3.1415/59)*(45/3.281)) -> 0.028984188 | P93: Repair Rate : | R93: =Q98/((72*3.1415/59)*(45/3.281)) -> 0.016424373 | U93: Repair Rate : | W93: =V98/((72*3.1415/59)*(45/3.281)) -> 0.0086952563 | Z93: Repair Rate : | AB93: =AA98/((72*3.1415/59)*(45/3.281)) -> 1.9018496e-14 | AE93: Repair Rate : | AG93: =AF98/((72*3.1415/59)*(45/3.281)) -> 0.055553027 | AJ93: Repair Rate : | AL93: =AK98/((72*3.1415/59)*(45/3.281)) -> 1.9018496e-11
A97: 45 ft | B97: 246 | F97: 45 ft | G97: 257 | K97: 45 ft | L97: 259 | P97: 45 ft | Q97: 260 | U97: 45 ft | V97: 261 | Z97: 45 ft | AA97: 262 | AE97: 45 ft | AF97: 263 | AJ97: 45 ft | AK97: 267
B98: 4.191 | C98: m. | D98: 1 | E98: B.E | G98: 2.1082 | H98: m. | I98: 1 | J98: B.E | L98: 1.524 | M98: m. | O98: B.E | Q98: 0.8636 | R98: m. | S98: 1 | T98: B.E | V98: 0.4572 | W98: m. | Y98: B.E | AA98: 1e-12 | AB98: m. | AC98: 1 | AD98: B.E | AF98: 2.921 | AG98: m. | AH98: 1 | AI98: B.E | AK98: 1e-09 | AL98: m. | AN98: B.E
G100: 190 | X100: PREV. REPAIREd PIPE NO.S | AJ100: DAILY REPAIR AMOUNT (METER) | AU100: Total Repair Amount (Meter) | BG100: Total RepAIRED B.E. QTY. (Meter) | BL100: =D7+I7+N7+S7+X7+AH7+AM7+AR7+AW7+BB7+BG7+BL7+BQ7+D13+I13+N13+S13+X13+AC13+AH13+AM13+AR13+AW13+BB13+BG13+BL13+BQ13+D19+I19+N19+S19+X19+AC19+AH19+AM19+AR19+AW19+BB19+BG19+BL19+BQ19+D25+I25+N25+S25+X25+AC25+AH25+AM25+AR25+AW25+BB25+BG25+BL25+D31+I31+BQ25+N31+S31+X31+AC31+AH31+AM31+AR31+AW31+BB31+BG31+BL31+BQ31+BQ37+BL37+BG37+BB37+AW37+AR37+AM37+AH37+AC37+X37+S37+N37+I37+D37+D43+I43+N43+S43+X43+AC43+AH43+AM43+AR43+AW43+BB43+BG43+BL43+BQ43+BQ49+BL49+BG49+BB49+AW49+AR49+AM49+AH49+AC49+X49+S49+N49+I49+D49+D68+I68+N68+S68+X68+AC68+AH68+AM68+AR68+AW68+BB68+BG68+BL68+BQ68+BQ74+BL74+BG74+BB74+AW74+AR74+AM74+AH74+AC74+X74+S74+N74+I74+D74+D80+I80+N80+S80+X80+AC80+AH80+AM80+AR80+AW80+BB80+BG80+BL80+BQ80+BQ86+BL86+BG86+BB86+AW86+AR86+AM86+AH86+AC86+X86+S86+N86+I86+D86+D92+I92+N92+S92+X92+AC92+AH92+AM92+AR92+AW92+BB92+BG92+BL92+BQ92+AM98+AH98+AC98+X98+S98+N98+I98+D98 -> 115 | BP100: B.E.
G103: 190
X104: - | AJ104: =AU104-Z116 -> 0 | AU104: =B7+G7+L7+Q7+V7+AA7+AF7+AK7+AP7+AU7+AZ7+BE7+BJ7+BO7+BO13+BJ13+BE13+AZ13+AU13+AP13+AK13+AF13+AA13+V13+Q13+L13+G13+B13+B19+G19+L19+Q19+V19+AA19+AF19+AK19+AP19+AU19+AZ19+BE19+BJ19+BO19+BO25+BJ25+BE25+AZ25+AU25+AP25+AK25+AF25+AA25+V25+Q25+L25+G25+B31+B25+G31+L31+Q31+V31+AA31+AF31+AK31+AP31+AU31+AZ31+BE31+BJ31+BO31+BO37+BJ37+BE37+AZ37+AU37+AP37+AK37+AF37+AA37+V37+Q37+L37+G37+B37+B43+G43+L43+Q43+V43+AA43+AF43+AK43+AP43+AU43+AZ43+BE43+BJ43+BO43+BO49+BJ49+BE49+AZ49+AU49+AP49+AK49+AF49+AA49+V49+Q49+L49+G49+B49+B68+G68+L68+Q68+V68+AA68+AF68+AK68+AP68+AU68+AZ68+BE68+BJ68+BO68+BO74+BJ74+BE74+AZ74+AU74+AP74+AK74+AF74+AA74+V74+Q74+L74+G74+B74+B80+G80+L80+Q80+V80+AA80+AF80+AK80+AP80+AU80+AZ80+BE80+BJ80+BO80+BO86+BJ86+BE86+AZ86+AU86+AP86+AK86+AF86+AA86+V86+Q86+L86+G86+B86+B92+G92+L92+Q92+V92+AA92+AF92+AK92+AP92+AU92+AZ92+BE92+BJ92+BO92+B98+G98+L98+Q98+V98+AA98+AF98+AK98 -> 481.59133 | BL104: =BL100*1.5 -> 172.5
BL108: meter
Z116: 481.59133 | AH116: TOT. LENGTH (ft) | AK116: REP. PIPE TOT. LENGTH (ft) | AN116: TOT. REP. (mt) | AP116: TOT. REP. W/ B.E. (mt) | AU116: REP. RATIO (%)
AH119: 9180 | AK119: =AP135 -> 9180 | AN119: =AU104 -> 481.59133 | AP119: =AU104+BL104 -> 654.09133 | AU119: (Total Tamir mt.)/[(Dx3.1415/W)(Total Length mt.)
AU121: =AN119/((72*3.1415/59)*(AK119/3.281)) -> 0.044897759
BW123: TOTAL REP. RATIO FOR P 1& P 2
AU124: REP. RATIO W/ B.E. (%)
AF125: 88
AF126: 39 | AJ126: 50 | AM126: 126 | AP126: =AM126*AJ126 -> 6300 | AU126: (Total Tamir w/B.E. mt.)/[(Dx3.1415/W)(Total Length mt.) | BK126: TOT. LENGTH (ft) | BN126: REP. PIPE TOT. LENGTH (ft) | BQ126: TOT. REP. (mt) | BS126: TOT. REP. W/ B.E. (mt) | BW126: REP. RATIO (%)
AJ129: 45 | AM129: {=SUM(COUNTIF(INDIRECT({"B74","G74","L74","Q74","V74","AA74","AF74","AK74","AP74","AU74","AZ74","BE74","BJ74","BO74","B80","G80","L80","Q80","V80","AA80","AF80","AK80","AP80","AU80","AZ80","BE80","BJ80","BO80","B86","G86","L86","Q86","V86","AA86","AF86","AK86","AP86","AU86","AZ86","BE86","BJ86","BO86","B92","G92","L92","Q92","V92","AA92","AF92","AK92","AP92","AU92","AZ92","BE92","BJ92","BO92","B98","G98","L98","Q98","V98","AA98","AF98","AK98"}),">0"))} -> 64 | AP129: =AM129*AJ129 -> 2880 | BK129: =AH119+AI143 -> 9180 | BN129: =AK119+AL143 -> 9180 | BQ129: =AN119+AO143 -> 481.59133 | BS129: =AP119+AQ143 -> 654.09133 | BW129: (Total Tamir mt.)/[(Dx3.1415/W)(Total Length mt.)
AU130: =AP119/((72*3.1415/59)*(AK119/3.281)) -> 0.060979575
BW131: =BQ129/((72*3.1415/59)*(BN129/3.281)) -> 0.044897759
BW134: REP. RATIO W/ B.E. (%)
AM135: =AM132+AM129+AM126 -> 190 | AP135: =AP129+AP132+AP126 -> 9180
BW136: (Total Tamir w/B.E. mt.)/[(Dx3.1415/W)(Total Length mt.)
BW140: =BS129/((72*3.1415/59)*(BN129/3.281)) -> 0.060979575

Sheet 01-117
A2: Repair Rate : | D2: =B7/((60*3.1415/50)*(80/3.281)) -> 0 | F2: Repair Rate : | I2: =G7/((60*3.1415/50)*(80/3.281)) -> 0 | K2: Repair Rate : | N2: =L7/((60*3.1415/50)*(80/3.281)) -> 0 | P2: Repair Rate : | S2: =Q7/((60*3.1415/50)*(80/3.281)) -> 0 | U2: Repair Rate : | X2: =V7/((60*3.1415/50)*(80/3.281)) -> 0 | Z2: Repair Rate : | AC2: =AA7/((60*3.1415/50)*(80/3.281)) -> 0 | AE2: Repair Rate : | AH2: =AF7/((60*3.1415/50)*(80/3.281)) -> 0 | AJ2: Repair Rate : | AM2: =AK7/((60*3.1415/50)*(80/3.281)) -> 0 | AO2: Repair Rate : | AR2: =AP7/((60*3.1415/64)*(82/3.281)) -> 0.043824955 | AT2: Repair Rate : | AW2: =AU7/((60*3.1415/64)*(82/3.281)) -> 0
A6: 80 feet | B6: 16 | F6: 80 feet | G6: 17 | K6: 80 feet | P6: 80 feet | U6: 80 feet | Z6: 80 feet | AE6: 80 feet | AJ6: 80 feet | AO6: 82 feet | AP6: 2 | AT6: 82 feet | AU6: 3
C7: m. | E7: B.E | H7: m. | J7: B.E | M7: m. | O7: B.E | R7: m. | T7: B.E | W7: m. | Y7: B.E | AB7: m. | AD7: B.E | AG7: m. | AI7: B.E | AL7: m. | AN7: B.E | AP7: 3.2258 | AQ7: m. | AR7: 4 | AS7: B.E | AV7: m. | AX7: B.E
A8: Repair Rate : | D8: =B13/((60*3.1415/64)*(82/3.281)) -> 0 | F8: Repair Rate : | I8: =G13/((60*3.1415/64)*(82/3.281)) -> 0 | K8: Repair Rate : | N8: =L13/((60*3.1415/64)*(82/3.281)) -> 0 | P8: Repair Rate : | S8: =Q13/((60*3.1415/64)*(82/3.281)) -> 0 | U8: Repair Rate : | X8: =V13/((60*3.1415/64)*(83/3.281)) -> 0.029998347 | Z8: Repair Rate : | AC8: =AA13/((60*3.1415/64)*(83/3.281)) -> 0 | AE8: Repair Rate : | AH8: =AF13/((60*3.1415/64)*(83/3.281)) -> 0.064093113 | AJ8: Repair Rate : | AM8: =AK13/((60*3.1415/64)*(83/3.281)) -> 0 | AO8: Repair Rate : | AR8: =AP13/((60*3.1415/64)*(83/3.281)) -> 0.0085230203 | AT8: Repair Rate : | AW8: =AU13/((60*3.1415/64)*(83/3.281)) -> 0
A12: 82 feet | B12: 4 | F12: 82 feet | G12: 5 | K12: 82 feet | L12: 6 | P12: 82 feet | Q12: 7 | U12: 83 feet | V12: 8 | Z12: 83 feet | AA12: 9 | AE12: 83 feet | AF12: 10 | AJ12: 83 feet | AK12: 11 | AO12: 83 feet | AP12: 12 | AT12: 83 feet | AU12: 13
C13: m. | E13: B.E | H13: m. | J13: B.E | M13: m. | O13: B.E | R13: m. | T13: B.E | V13: 2.235 | W13: m. | X13: 4 | Y13: B.E | AB13: m. | AD13: B.E | AF13: 4.7752 | AG13: m. | AH13: 4 | AI13: B.E | AL13: m. | AN13: B.E | AP13: 0.635 | AQ13: m. | AR13: 4 | AS13: B.E | AV13: m. | AX13: B.E
A14: Repair Rate : | D14: =B19/((60*3.1415/50)*(83/3.281)) -> 0 | F14: Repair Rate : | I14: =G19/((60*3.1415/64)*(84/3.281)) -> 0 | K14: Repair Rate : | N14: =L19/((60*3.1415/64)*(84/3.281)) -> 0
A18: 83 feet | B18: 15 | F18: 84 feet | G18: 1 | K18: 84 feet | L18: 14
C19: m. | E19: B.E | H19: m. | J19: B.E | M19: m. | O19: B.E
A20: Repair Rate : | D20: =B25/((42*3.1415/59)*(30/3.281)) -> 0
A21: Beveling
A24: 30 feet
C25: m. | E25: B.E
H38: {=SUM(COUNTIF(INDIRECT({"B6","G6","L6","Q6","V6","AA6","AF6","AK6","AP6","AU6","B12","G12","L12","Q12","V12","AA12","AF12","AK12","AP12","AU12","B18","G18","L18"}),">0"))} -> 17 | Q38: PREV. REPAIRED PIPE NO.S | X38: Total Repair Amount (Meter) | AC38: =B7+G7+L7+Q7+V7+AA7+AF7+AK7+AP7+AU7+AU13+AU19+AP19+AP13+AK13+AF13+AA13+V13+Q13+L13+G13+B13 -> 10.871 | AJ38: Total RepAIRED B.E. QTY. (Meter) | AO38: =D7+I7+N7+S7+X7+AC7+AH7+AM7+AR7+AW7+AW13+AW19+AR19+AR13+AM13+AH13+AC13+X13+S13+N13+I13+D13 -> 16 | AT38: B.E.
AO40: =AO38*1.5 -> 24 | AV40: meter
H41: {=SUM(COUNTIF(INDIRECT({"B7","G7","L7","Q7","V7","AA7","AF7","AK7","AP7","AU7","B13","G13","L13","Q13","V13","AA13","AF13","AK13","AP13","AU13","B19","G19","L19"}),">0"))} -> 4 | Q41: 10
X43: DAILY REPAIR AMOUNT (METER) | AC43: =AC38-AD51 -> 4.7752
AD51: 6.0958 | AL51: TOT. LENGTH (ft) | AO51: REP. PIPE TOT. LENGTH (ft) | AR51: TOT. REP. (mt) | AT51: TOT. REP. W/ B.E. (mt) | AY51: REP. RATIO (%)
AL54: 1881 | AO54: =AT82+AE81 -> 331 | AR54: =AC38 -> 10.871 | AT54: =AC38+AO40 -> 34.871 | AY54: (Total Tamir mt.)/[(Dx3.1415/W)(Total Length mt.)
AY56: =AR54/((60*3.1415/64)*(AT82/3.281))+((60*3.1415/50)*(AE81/3.281)) -> 0.036588061
AO58: =((60*3.1415/64)*(AT82))+((60*3.1415/50)*(AE81)) -> 974.84672
AY59: REP. RATIO W/ B.E. (%)
V60: 50 INCH WIDTH PLATE | Y60: 80 | AB60: 0 | AE60: =AB60*Y60 -> 0
AK61: 64 INCH WIDTH PLATE | AN61: 80 | AQ61: 0 | AT61: =AQ61*AN61 -> 0 | AY61: (Total Tamir w/B.E. mt.)/[(Dx3.1415/W)(Total Length mt.)
AN64: 82 | AQ64: 1 | AT64: =AQ64*AN64 -> 82
AY65: =AT54/((60*3.1415/64)*(AT82/3.281))+((60*3.1415/50)*(AE81/3.281)) -> 0.11736384
Y66: 83 | AB66: 0 | AE66: =AB66*Y66 -> 0
AN67: 83 | AQ67: 3 | AT67: =AQ67*AN67 -> 249
Y69: 84 | AB69: 0 | AE69: =AB69*Y69 -> 0
AN70: 84 | AT70: =AQ70*AN70 -> 0
AB81: =AB60+AB63+AB66+AB69+AB72+AB75+AB78 -> 0 | AE81: =AE60+AE63+AE66+AE69+AE72+AE75+AE78 -> 0
AQ82: =AQ61+AQ64+AQ67+AQ70+AQ73+AQ76+AQ79 -> 4 | AT82: =AT61+AT64+AT67+AT70+AT73+AT76+AT79 -> 331

Sheet 06-131
A2: PIER 1 - PRE STAGE 1 PERMANENT (P1-10) | P2: PIER 1 - PRE STAGE 1 TEMPORARY (TP1-3) | AE2: PIER 2 - PRE STAGE 1 PERMANENT (P2-20) | AT2: PIER 2 - PRE STAGE 1 TEMPORARY (TP2-3)
A3: "E" BOT | F3: "D" MID | K3: "A" TOP | P3: "E" BOT | U3: "D" MID | Z3: "A" TOP | AE3: "E" BOT | AJ3: "D" MID | AO3: "A" TOP | AT3: "E" BOT | AY3: "D" MID | BD3: "A" TOP
A4: Repair Rate : | C4: =B7/((42*3.1415/59)*(55/3.281)) -> 0.054881748 | F4: Repair Rate : | H4: =G7/((42*3.1415/59)*(50/3.281)) -> 0 | K4: ="Repair R: " & TEXT(L7/((42*3.1415/59)*(65/3.281)), "0.00%") -> Repair R: 0.00% | M4: Coating | P4: Repair Rate : | R4: =Q7/((42*3.1415/59)*(55/3.281)) -> 2.6675293e-09 | U4: Repair Rate : | W4: =V7/((42*3.1415/59)*(60/3.281)) -> 0 | Z4: Repair Rate : | AB4: =AA7/((42*3.1415/59)*(55/3.281)) -> 2.6675293e-15 | AE4: Repair Rate : | AG4: =AF7/((42*3.1415/59)*(55/3.281)) -> 2.6675293e-09 | AJ4: Repair Rate : | AL4: =AK7/((42*3.1415/59)*(60/3.281)) -> 0 | AO4: ="Repair R: " & TEXT(AP7/((42*3.1415/59)*(65/3.281)), "0.00%") -> Repair R: 0.00% | AQ4: Coating | AT4: Repair Rate : | AV4: =AU7/((42*3.1415/59)*(55/3.281)) -> 0.0067755244 | AY4: Repair Rate : | BA4: =AZ7/((42*3.1415/59)*(60/3.281)) -> 0.0055898076 | BD4: Repair Rate : | BF4: =BE7/((42*3.1415/59)*(55/3.281)) -> 0
A5: Drive Shoe (1) | F5: Back-Up Ring (1) | H5: Fused S. Rings (2) | K5: Back-Up Ring (1) | M5: Fused S. Rings (2) | P5: Drive Shoe (1) | U5: Back-Up Ring (1) | W5: Fused S. Rings (2) | Z5: Back-Up Ring (1) | AB5: Fused S. Rings (2) | AE5: Drive Shoe (1) | AJ5: Back-Up Ring (1) | AL5: Fused S. Rings (2) | AO5: Back-Up Ring (1) | AQ5: Fused S. Rings (2) | AT5: Drive Shoe (1) | AY5: Back-Up Ring (1) | BA5: Fused S. Rings (2) | BD5: Back-Up Ring (1) | BF5: Fused S. Rings (2)
A6: 55 ft | B6: 30 | F6: 50 ft | G6: 55 | K6: 65 ft | L6: 23 | P6: 55 ft | Q6: 41 | U6: 60 ft | V6: 36 | Z6: 55 ft | AA6: 32 | AE6: 55 ft | AF6: 50 | AJ6: 60 ft | AK6: 35 | AO6: 65 ft | AP6: 24 | AT6: 55 ft | AU6: 53 | AY6: 60 ft | AZ6: 37 | BD6: 55 ft | BE6: 43
B7: 2.0574 | C7: m. | E7: B.E | H7: m. | J7: B.E | M7: m. | O7: B.E | Q7: 1e-07 | R7: m. | S7: 1 | T7: B.E | W7: m. | Y7: B.E | AA7: 1e-13 | AB7: m. | AC7: 1 | AD7: B.E | AF7: 1e-07 | AG7: m. | AH7: 1 | AI7: B.E | AL7: m. | AN7: B.E | AQ7: m. | AS7: B.E | AU7: 0.254 | AV7: m. | AW7: 1 | AX7: B.E | AZ7: 0.2286 | BA7: m. | BC7: B.E | BF7: m. | BH7: B.E
A8: PIER 1 - PRE STAGE 1 PERMANENT (P1-9) | P8: PIER 1 - PRE STAGE 1 PERMANENT (P1-19) | AE8: PIER 1 - PRE STAGE 1 PERMANENT (P1-20) | AT8: PIER 1 - PRE STAGE 1 TEMPORARY (TP1-5)
A9: "E" BOT | F9: "D" MID | K9: "A" TOP | P9: "E" BOT | U9: "D" MID | Z9: "A" TOP | AE9: "E" BOT | AJ9: "D" MID | AO9: "A" TOP | AT9: "E" BOT | AY9: "D" MID | BD9: "A" TOP
A10: Repair Rate : | C10: =B13/((42*3.1415/59)*(80/3.281)) -> 0 | F10: Repair Rate : | H10: =G13/((42*3.1415/59)*(35/3.281)) -> 0 | K10: ="Repair R: " & TEXT(L13/((42*3.1415/59)*(55/3.281)), "0.00%") -> Repair R: 0.00% | M10: Coating | P10: Repair Rate : | R10: =Q13/((42*3.1415/59)*(80/3.281)) -> 1.8339264e-09 | U10: Repair Rate : | W10: =V13/((42*3.1415/59)*(35/3.281)) -> 0 | Z10: ="Repair R: " & TEXT(AA13/((42*3.1415/59)*(55/3.281)), "0.00%") -> Repair R: 0.00% | AB10: Coating | AE10: Repair Rate : | AG10: =AF13/((42*3.1415/59)*(80/3.281)) -> 0.033538846 | AJ10: Repair Rate : | AL10: =AK13/((42*3.1415/59)*(35/3.281)) -> 0 | AO10: ="Repair R: " & TEXT(AP13/((42*3.1415/59)*(55/3.281)), "0.00%") -> Repair R: 0.00% | AQ10: Coating | AT10: Repair Rate : | AV10: =AU13/((42*3.1415/59)*(80/3.281)) -> 0.004658173 | AY10: Repair Rate : | BA10: =AZ13/((42*3.1415/59)*(35/3.281)) -> 0 | BD10: Repair Rate : | BF10: =BE13/((42*3.1415/59)*(55/3.281)) -> 2.6675293e-09
A11: Drive Shoe (1) | F11: Back-Up Ring (1) | H11: Fused S. Rings (2) | K11: Back-Up Ring (1) | M11: Fused S. Rings (2) | P11: Drive Shoe (1) | U11: Back-Up Ring (1) | W11: Fused S. Rings (2) | Z11: Back-Up Ring (1) | AB11: Fused S. Rings (2) | AE11: Drive Shoe (1) | AJ11: Back-Up Ring (1) | AL11: Fused S. Rings (2) | AO11: Back-Up Ring (1) | AQ11: Fused S. Rings (2) | AT11: Drive Shoe (1) | AY11: Back-Up Ring (1) | BA11: Fused S. Rings (2) | BD11: Back-Up Ring (1) | BF11: Fused S. Rings (2)
A12: 80 ft | B12: 4 | F12: 35 ft | G12: 68 | K12: 55 ft | L12: 42 | P12: 80 ft | Q12: 1 | U12: 35 ft | V12: 2 | Z12: 55 ft | AA12: 49 | AE12: 80 ft | AF12: 5 | AJ12: 35 ft | AK12: 57 | AO12: 55 ft | AP12: 44 | AT12: 80 ft | AU12: 13 | AY12: 35 ft | AZ12: 59 | BD12: 55 ft | BE12: 54
C13: m. | E13: B.E | H13: m. | J13: B.E | L13: 1e-08 | M13: m. | O13: B.E | Q13: 1e-07 | R13: m. | T13: B.E | W13: m. | Y13: B.E | AA13: 1e-11 | AB13: m. | AD13: B.E | AF13: 1.8288 | AG13: m. | AI13: B.E | AL13: m. | AN13: B.E | AP13: 1e-19 | AQ13: m. | AS13: B.E | AU13: 0.254 | AV13: m. | AW13: 1 | AX13: B.E | BA13: m. | BC13: B.E | BE13: 1e-07 | BF13: m. | BH13: B.E
A14: PIER 1 - PRE STAGE 1 TEMPORARY (TP1-6) | P14: PIER 1 - PRE STAGE 1 TEMPORARY (TP1-7) | AE14: PIER 1 - PRE STAGE 1 TEMPORARY (TP1-8) | AT14: PIER 1 - PRE STAGE 1 TEMPORARY (TP1-1)
A15: "E" BOT | F15: "D" MID | K15: "A" TOP | P15: "E" BOT | U15: "D" MID | Z15: "A" TOP | AE15: "E" BOT | AJ15: "D" MID | AO15: "A" TOP | AT15: "E" BOT | AY15: "D" MID | BD15: "A" TOP
A16: Repair Rate : | C16: =B19/((42*3.1415/59)*(80/3.281)) -> 0 | F16: Repair Rate : | H16: =G19/((42*3.1415/59)*(35/3.281)) -> 0 | K16: Repair Rate : | M16: =L19/((42*3.1415/59)*(55/3.281)) -> 0 | P16: Repair Rate : | R16: =Q19/((42*3.1415/59)*(80/3.281)) -> 0 | U16: Repair Rate : | W16: =V19/((42*3.1415/59)*(35/3.281)) -> 0 | Z16: Repair Rate : | AB16: =AA19/((42*3.1415/59)*(55/3.281)) -> 0 | AE16: Repair Rate : | AG16: =AF19/((42*3.1415/59)*(80/3.281)) -> 0 | AJ16: Repair Rate : | AL16: =AK19/((42*3.1415/59)*(35/3.281)) -> 0 | AO16: Repair Rate : | AQ16: =AP19/((42*3.1415/59)*(55/3.281)) -> 0.014228601 | AT16: Repair Rate : | AV16: =AU19/((42*3.1415/59)*(80/3.281)) -> 0 | AY16: Repair Rate : | BA16: =AZ19/((42*3.1415/59)*(35/3.281)) -> 0 | BD16: Repair Rate : | BF16: =BE19/((42*3.1415/59)*(55/3.281)) -> 0.0040653147
A17: Drive Shoe (1) | F17: Back-Up Ring (1) | H17: Fused S. Rings (2) | K17: Back-Up Ring (1) | M17: Fused S. Rings (2) | P17: Drive Shoe (1) | U17: Back-Up Ring (1) | W17: Fused S. Rings (2) | Z17: Back-Up Ring (1) | AB17: Fused S. Rings (2) | AE17: Drive Shoe (1) | AJ17: Back-Up Ring (1) | AL17: Fused S. Rings (2) | AO17: Back-Up Ring (1) | AQ17: Fused S. Rings (2) | AT17: Drive Shoe (1) | AY17: Back-Up Ring (1) | BA17: Fused S. Rings (2) | BD17: Back-Up Ring (1) | BF17: Fused S. Rings (2)
A18: 80 ft | B18: 14 | F18: 35 ft | G18: 58 | K18: 55 ft | L18: 3 | P18: 80 ft | Q18: 18 | U18: 35 ft | V18: 60 | Z18: 55 ft | AA18: 34 | AE18: 80 ft | AF18: 21 | AJ18: 35 ft | AK18: 61 | AO18: 55 ft | AP18: 38 | AT18: 80 ft | AU18: 17 | AY18: 35 ft | AZ18: 72 | BD18: 55 ft | BE18: 40
C19: m. | E19: B.E | H19: m. | J19: B.E | M19: m. | O19: B.E | R19: m. | T19: B.E | W19: m. | Y19: B.E | AB19: m. | AD19: B.E | AG19: m. | AI19: B.E | AL19: m. | AN19: B.E | AP19: 0.5334 | AQ19: m. | AS19: B.E | AV19: m. | AX19: B.E | BA19: m. | BC19: B.E | BE19: 0.1524 | BF19: m. | BH19: B.E
A20: PIER 1 - PRE STAGE 1 TEMPORARY (TP1-2) | P20: PIER 1 - PRE STAGE 1 TEMPORARY (TP1-4) | AE20: PIER 2 - PRE STAGE 1 TEMPORARY (TP2-1) | AT20: PIER 2 - PRE STAGE 1 TEMPORARY (TP2-2)
A21: "E" BOT | F21: "D" MID | K21: "A" TOP | P21: "E" BOT | U21: "D" MID | Z21: "A" TOP | AE21: "E" BOT | AJ21: "D" MID | AO21: "A" TOP | AT21: "E" BOT | AY21: "D" MID | BD21: "A" TOP
A22: Repair Rate : | C22: =B25/((42*3.1415/59)*(80/3.281)) -> 0 | F22: Repair Rate : | H22: =G25/((42*3.1415/59)*(35/3.281)) -> 0 | K22: Repair Rate : | M22: =L25/((42*3.1415/59)*(55/3.281)) -> 0 | P22: Repair Rate : | R22: =Q25/((42*3.1415/59)*(80/3.281)) -> 0.029812307 | U22: Repair Rate : | W22: =V25/((42*3.1415/59)*(35/3.281)) -> 0 | Z22: Repair Rate : | AB22: =AA25/((42*3.1415/59)*(55/3.281)) -> 0.08333895 | AE22: Repair Rate : | AG22: =AF25/((42*3.1415/59)*(80/3.281)) -> 0 | AJ22: Repair Rate : | AL22: =AK25/((42*3.1415/59)*(35/3.281)) -> 0 | AO22: Repair Rate : | AQ22: =AP25/((42*3.1415/59)*(55/3.281)) -> 0 | AT22: Repair Rate : | AV22: =AU25/((42*3.1415/59)*(80/3.281)) -> 0 | AY22: Repair Rate : | BA22: =AZ25/((42*3.1415/59)*(35/3.281)) -> 0 | BD22: Repair Rate : | BF22: =BE25/((42*3.1415/59)*(55/3.281)) -> 0
A23: Drive Shoe (1) | F23: Back-Up Ring (1) | H23: Fused S. Rings (2) | K23: Back-Up Ring (1) | M23: Fused S. Rings (2) | P23: Drive Shoe (1) | U23: Back-Up Ring (1) | W23: Fused S. Rings (2) | Z23: Back-Up Ring (1) | AB23: Fused S. Rings (2) | AE23: Drive Shoe (1) | AJ23: Back-Up Ring (1) | AL23: Fused S. Rings (2) | AO23: Back-Up Ring (1) | AQ23: Fused S. Rings (2) | AT23: Drive Shoe (1) | AY23: Back-Up Ring (1) | BA23: Fused S. Rings (2) | BD23: Back-Up Ring (1) | BF23: Fused S. Rings (2)
A24: 80 ft | B24: 11 | F24: 35 ft | G24: 25 | K24: 55 ft | L24: 33 | P24: 80 ft | Q24: 12 | U24: 35 ft | V24: 26 | Z24: 55 ft | AA24: 31 | AE24: 80 ft | AF24: 16 | AJ24: 35 ft | AK24: 69 | AO24: 55 ft | AP24: 46 | AT24: 80 ft | AU24: 19 | AY24: 35 ft | AZ24: 70 | BD24: 55 ft | BE24: 47
C25: m. | E25: B.E | H25: m. | J25: B.E | M25: m. | O25: B.E | Q25: 1.6256 | R25: m. | T25: B.E | W25: m. | Y25: B.E | AA25: 3.1242 | AB25: m. | AD25: B.E | AG25: m. | AI25: B.E | AL25: m. | AN25: B.E | AQ25: m. | AS25: B.E | AV25: m. | AX25: B.E | BA25: m. | BC25: B.E | BF25: m. | BH25: B.E
A26: PIER 2 - PRE STAGE 1 TEMPORARY (TP2-4) | P26: PIER 2 - PRE STAGE 1 TEMPORARY (TP2-5) | AE26: PIER 2 - PRE STAGE 1 TEMPORARY (TP2-6) | AT26: PIER 2 - PRE STAGE 1 TEMPORARY (TP2-7)
A27: "E" BOT | F27: "D" MID | K27: "A" TOP | P27: "E" BOT | U27: "D" MID | Z27: "A" TOP | AE27: "E" BOT | AJ27: "D" MID | AO27: "A" TOP | AT27: "E" BOT | AY27: "D" MID | BD27: "A" TOP
A28: Repair Rate : | C28: =B31/((42*3.1415/59)*(80/3.281)) -> 0 | F28: Repair Rate : | H28: =G31/((42*3.1415/59)*(35/3.281)) -> 0 | K28: Repair Rate : | M28: =L31/((42*3.1415/59)*(55/3.281)) -> 0 | P28: Repair Rate : | R28: =Q31/((42*3.1415/59)*(80/3.281)) -> 0 | U28: Repair Rate : | W28: =V31/((42*3.1415/59)*(35/3.281)) -> 0 | Z28: Repair Rate : | AB28: =AA31/((42*3.1415/59)*(55/3.281)) -> 0.0054204195 | AE28: Repair Rate : | AG28: =AF31/((42*3.1415/59)*(80/3.281)) -> 0 | AJ28: Repair Rate : | AL28: =AK31/((42*3.1415/59)*(35/3.281)) -> 0 | AO28: Repair Rate : | AQ28: =AP31/((42*3.1415/59)*(55/3.281)) -> 0 | AT28: Repair Rate : | AV28: =AU31/((42*3.1415/59)*(80/3.281)) -> 0 | AY28: Repair Rate : | BA28: =AZ31/((42*3.1415/59)*(35/3.281)) -> 0 | BD28: Repair Rate : | BF28: =BE31/((42*3.1415/59)*(55/3.281)) -> 0.037942937
A29: Drive Shoe (1) | F29: Back-Up Ring (1) | H29: Fused S. Rings (2) | K29: Back-Up Ring (1) | M29: Fused S. Rings (2) | P29: Drive Shoe (1) | U29: Back-Up Ring (1) | W29: Fused S. Rings (2) | Z29: Back-Up Ring (1) | AB29: Fused S. Rings (2) | AE29: Drive Shoe (1) | AJ29: Back-Up Ring (1) | AL29: Fused S. Rings (2) | AO29: Back-Up Ring (1) | AQ29: Fused S. Rings (2) | AT29: Drive Shoe (1) | AY29: Back-Up Ring (1) | BA29: Fused S. Rings (2) | BD29: Back-Up Ring (1) | BF29: Fused S. Rings (2)
A30: 80 ft | B30: 7 | F30: 35 ft | G30: 64 | K30: 55 ft | L30: 48 | P30: 80 ft | Q30: 9 | U30: 35 ft | V30: 63 | Z30: 55 ft | AA30: 51 | AE30: 80 ft | AF30: 10 | AJ30: 35 ft | AK30: 66 | AO30: 55 ft | AP30: 52 | AT30: 80 ft | AU30: 15 | AY30: 35 ft | AZ30: 65 | BD30: 55 ft | BE30: 39
C31: m. | E31: B.E | H31: m. | J31: B.E | M31: m. | O31: B.E | R31: m. | T31: B.E | W31: m. | Y31: B.E | AA31: 0.2032 | AB31: m. | AD31: B.E | AG31: m. | AI31: B.E | AL31: m. | AN31: B.E | AQ31: m. | AS31: B.E | AV31: m. | AX31: B.E | BA31: m. | BC31: B.E | BE31: 1.4224 | BF31: m. | BG31: 1 | BH31: B.E
A32: PIER 2 - PRE STAGE 1 TEMPORARY (TP2-8) | P32: PIER 2 - PRE STAGE 1 PERMANENT (P2-19) | AE32: PIER 2 - PRE STAGE 1 PERMANENT (P2-9) | AT32: PIER 2 - PRE STAGE 1 PERMANENT (P2-10)
A33: "E" BOT | F33: "D" MID | K33: "A" TOP | P33: "E" BOT | U33: "D" MID | Z33: "A" TOP | AE33: "E" BOT | AJ33: "D" MID | AO33: "A" TOP | AT33: "E" BOT | AY33: "D" MID | BD33: "A" TOP
A34: Repair Rate : | C34: =B37/((42*3.1415/59)*(80/3.281)) -> 0 | F34: Repair Rate : | H34: =G37/((42*3.1415/59)*(35/3.281)) -> 0 | K34: Repair Rate : | M34: =L37/((42*3.1415/59)*(55/3.281)) -> 0 | P34: Repair Rate : | R34: =Q37/((42*3.1415/59)*(80/3.281)) -> 0 | U34: Repair Rate : | W34: =V37/((42*3.1415/59)*(35/3.281)) -> 0 | Z34: ="Repair R: " & TEXT(AA37/((42*3.1415/59)*(65/3.281)), "0.00%") -> Repair R: 0.00% | AB34: Coating | AE34: Repair Rate : | AG34: =AF37/((42*3.1415/59)*(80/3.281)) -> 0 | AJ34: Repair Rate : | AL34: =AK37/((42*3.1415/59)*(35/3.281)) -> 0 | AO34: ="Repair R: " & TEXT(AP37/((42*3.1415/59)*(65/3.281)), "0.00%") -> Repair R: 0.00% | AQ34: Coating | AT34: Repair Rate : | AV34: =AU37/((42*3.1415/59)*(80/3.281)) -> 0 | AY34: Repair Rate : | BA34: =AZ37/((42*3.1415/59)*(35/3.281)) -> 0 | BD34: ="Repair R: " & TEXT(BE37/((42*3.1415/59)*(65/3.281)), "0.00%") -> Repair R: 0.00% | BF34: Coating
A35: Drive Shoe (1) | F35: Back-Up Ring (1) | H35: Fused S. Rings (2) | K35: Back-Up Ring (1) | M35: Fused S. Rings (2) | P35: Drive Shoe (1) | U35: Back-Up Ring (1) | W35: Fused S. Rings (2) | Z35: Back-Up Ring (1) | AB35: Fused S. Rings (2) | AE35: Drive Shoe (1) | AJ35: Back-Up Ring (1) | AL35: Fused S. Rings (2) | AO35: Back-Up Ring (1) | AQ35: Fused S. Rings (2) | AT35: Drive Shoe (1) | AY35: Back-Up Ring (1) | BA35: Fused S. Rings (2) | BD35: Back-Up Ring (1) | BF35: Fused S. Rings (2)
A36: 80 ft | B36: 20 | F36: 35 ft | G36: 67 | K36: 55 ft | L36: 45 | P36: 80 ft | Q36: 22 | U36: 35 ft | V36: 71 | Z36: 65 ft | AA36: 27 | AE36: 80 ft | AF36: 6 | AJ36: 35 ft | AK36: 62 | AO36: 65 ft | AP36: 29 | AT36: 80 ft | AU36: 8 | AY36: 35 ft | AZ36: 56 | BD36: 65 ft | BE36: 28
C37: m. | E37: B.E | H37: m. | J37: B.E | M37: m. | O37: B.E | R37: m. | T37: B.E | W37: m. | Y37: B.E | AB37: m. | AD37: B.E | AG37: m. | AI37: B.E | AL37: m. | AN37: B.E | AQ37: m. | AS37: B.E | AV37: m. | AX37: B.E | BA37: m. | BC37: B.E | BF37: m. | BH37: B.E
A63: Repair Rate : | C63: =B68/((72*3.1415/59)*(129.67/3.281)) -> 0 | F63: Repair Rate : | H63: =G68/((72*3.1415/59)*(129.67/3.281)) -> 0 | K63: Repair Rate : | M63: =L68/((72*3.1415/59)*(129.67/3.281)) -> 0 | P63: Repair Rate : | R63: =Q68/((72*3.1415/59)*(129.67/3.281)) -> 0 | U63: Repair Rate : | W63: =V68/((72*3.1415/59)*(129.67/3.281)) -> 0 | Z63: Repair Rate : | AB63: =AA68/((72*3.1415/59)*(129.67/3.281)) -> 0 | AE63: Repair Rate : | AG63: =AF68/((72*3.1415/59)*(129.67/3.281)) -> 0 | AJ63: Repair Rate : | AL63: =AK68/((72*3.1415/59)*(129.67/3.281)) -> 0 | AO63: Repair Rate : | AQ63: =AP68/((72*3.1415/59)*(129.67/3.281)) -> 0 | AT63: Repair Rate : | AV63: =AU68/((72*3.1415/59)*(129.67/3.281)) -> 0 | AY63: Repair Rate : | BA63: =AZ68/((72*3.1415/59)*(129.67/3.281)) -> 0 | BD63: Repair Rate : | BF63: =BE68/((72*3.1415/59)*(129.67/3.281)) -> 0 | BI63: Repair Rate : | BK63: =BJ68/((72*3.1415/59)*(129.67/3.281)) -> 0 | BN63: Repair Rate : | BP63: =BO68/((72*3.1415/59)*(129.67/3.281)) -> 0
A64: COATING | C64: CLUTCH | F64: COATING | H64: CLUTCH | K64: COATING | M64: CLUTCH | P64: COATING | R64: CLUTCH | U64: COATING | W64: CLUTCH | Z64: COATING | AB64: CLUTCH | AE64: COATING | AG64: CLUTCH | AJ64: COATING | AL64: CLUTCH | AO64: COATING | AQ64: CLUTCH | AT64: COATING | AV64: CLUTCH | AY64: COATING | BA64: CLUTCH | BD64: COATING | BF64: CLUTCH | BI64: COATING | BK64: CLUTCH | BN64: COATING | BP64: CLUTCH
A67: 129' 8" ft | F67: 129' 8" ft | K67: 129' 8" ft | P67: 129' 8" ft | U67: 129' 8" ft | Z67: 129' 8" ft | AE67: 129' 8" ft | AJ67: 129' 8" ft | AO67: 129' 8" ft | AT67: 129' 8" ft | AY67: 129' 8" ft | BD67: 129' 8" ft | BI67: 129' 8" ft | BN67: 129' 8" ft
C68: m. | E68: B.E | H68: m. | J68: B.E | M68: m. | O68: B.E | R68: m. | T68: B.E | W68: m. | Y68: B.E | AB68: m. | AD68: B.E | AG68: m. | AI68: B.E | AL68: m. | AN68: B.E | AQ68: m. | AS68: B.E | AV68: m. | AX68: B.E | BA68: m. | BC68: B.E | BF68: m. | BH68: B.E | BK68: m. | BM68: B.E | BP68: m. | BR68: B.E
A69: Repair Rate : | C69: =B74/((72*3.1415/59)*(129.67/3.281)) -> 0 | F69: Repair Rate : | H69: =G74/((72*3.1415/59)*(129.67/3.281)) -> 0 | K69: Repair Rate : | M69: =L74/((72*3.1415/59)*(129.67/3.281)) -> 0 | P69: Repair Rate : | R69: =Q74/((72*3.1415/59)*(129.67/3.281)) -> 0 | U69: Repair Rate : | W69: =V74/((72*3.1415/59)*(129.67/3.281)) -> 0 | Z69: Repair Rate : | AB69: =AA74/((72*3.1415/59)*(129.67/3.281)) -> 0 | AE69: Repair Rate : | AG69: =AF74/((72*3.1415/59)*(129.67/3.281)) -> 0 | AJ69: Repair Rate : | AL69: =AK74/((72*3.1415/59)*(129.67/3.281)) -> 0 | AO69: Repair Rate : | AQ69: =AP74/((72*3.1415/59)*(129.67/3.281)) -> 0 | AT69: Repair Rate : | AV69: =AU74/((72*3.1415/59)*(129.67/3.281)) -> 0 | AY69: Repair Rate : | BA69: =AZ74/((72*3.1415/59)*(129.67/3.281)) -> 0 | BD69: Repair Rate : | BF69: =BE74/((72*3.1415/59)*(129.67/3.281)) -> 0 | BI69: Repair Rate : | BK69: =BJ74/((72*3.1415/59)*(129.67/3.281)) -> 0 | BN69: Repair Rate : | BP69: =BO74/((72*3.1415/59)*(129.67/3.281)) -> 0
A70: COATING | C70: CLUTCH | F70: COATING | H70: CLUTCH | K70: COATING | M70: CLUTCH | P70: COATING | R70: CLUTCH | U70: COATING | W70: CLUTCH | Z70: COATING | AB70: CLUTCH | AE70: COATING | AG70: CLUTCH | AJ70: COATING | AL70: CLUTCH | AO70: COATING | AQ70: CLUTCH | AT70: COATING | AV70: CLUTCH | AY70: COATING | BA70: CLUTCH | BD70: COATING | BF70: CLUTCH | BI70: COATING | BK70: CLUTCH | BN70: COATING | BP70: CLUTCH
A73: 129' 8" ft | F73: 129' 8" ft | K73: 129' 8" ft | P73: 129' 8" ft | U73: 129' 8" ft | Z73: 129' 8" ft | AE73: 129' 8" ft | AJ73: 129' 8" ft | AO73: 129' 8" ft | AT73: 129' 8" ft | AY73: 129' 8" ft | BD73: 129' 8" ft | BI73: 129' 8" ft | BN73: 129' 8" ft
C74: m. | E74: B.E | H74: m. | J74: B.E | M74: m. | O74: B.E | R74: m. | T74: B.E | W74: m. | Y74: B.E | AB74: m. | AD74: B.E | AG74: m. | AI74: B.E | AL74: m. | AN74: B.E | AQ74: m. | AS74: B.E | AV74: m. | AX74: B.E | BA74: m. | BC74: B.E | BF74: m. | BH74: B.E | BK74: m. | BM74: B.E | BP74: m. | BR74: B.E
A75: Repair Rate : | C75: =B80/((72*3.1415/59)*(129.67/3.281)) -> 0 | F75: Repair Rate : | H75: =G80/((72*3.1415/59)*(129.67/3.281)) -> 0 | K75: Repair Rate : | M75: =L80/((72*3.1415/59)*(129.67/3.281)) -> 0 | P75: Repair Rate : | R75: =Q80/((72*3.1415/59)*(129.67/3.281)) -> 0 | U75: Repair Rate : | W75: =V80/((72*3.1415/59)*(129.67/3.281)) -> 0 | Z75: Repair Rate : | AB75: =AA80/((72*3.1415/59)*(129.67/3.281)) -> 0 | AE75: Repair Rate : | AG75: =AF80/((72*3.1415/59)*(129.67/3.281)) -> 0 | AJ75: Repair Rate : | AL75: =AK80/((72*3.1415/59)*(129.67/3.281)) -> 0 | AO75: Repair Rate : | AQ75: =AP80/((72*3.1415/59)*(129.67/3.281)) -> 0 | AT75: Repair Rate : | AV75: =AU80/((72*3.1415/59)*(129.67/3.281)) -> 0 | AY75: Repair Rate : | BA75: =AZ80/((72*3.1415/59)*(129.67/3.281)) -> 0 | BD75: Repair Rate : | BF75: =BE80/((72*3.1415/59)*(129.67/3.281)) -> 0 | BI75: Repair Rate : | BK75: =BJ80/((72*3.1415/59)*(129.67/3.281)) -> 0 | BN75: Repair Rate : | BP75: =BO80/((72*3.1415/59)*(129.67/3.281)) -> 0
A76: COATING | C76: CLUTCH | F76: COATING | H76: CLUTCH | K76: COATING | M76: CLUTCH | P76: COATING | R76: CLUTCH | U76: COATING | W76: CLUTCH | Z76: COATING | AB76: CLUTCH | AE76: COATING | AG76: CLUTCH | AJ76: COATING | AL76: CLUTCH | AO76: COATING | AQ76: CLUTCH | AT76: COATING | AV76: CLUTCH | AY76: COATING | BA76: CLUTCH | BD76: COATING | BF76: CLUTCH | BI76: COATING | BK76: CLUTCH | BN76: COATING | BP76: CLUTCH
A79: 129' 8" ft | F79: 129' 8" ft | K79: 129' 8" ft | P79: 129' 8" ft | U79: 129' 8" ft | Z79: 129' 8" ft | AE79: 129' 8" ft | AJ79: 129' 8" ft | AO79: 129' 8" ft | AT79: 129' 8" ft | AY79: 129' 8" ft | BD79: 129' 8" ft | BI79: 129' 8" ft | BN79: 129' 8" ft
C80: m. | E80: B.E | H80: m. | J80: B.E | M80: m. | O80: B.E | R80: m. | T80: B.E | W80: m. | Y80: B.E | AB80: m. | AD80: B.E | AG80: m. | AI80: B.E | AL80: m. | AN80: B.E | AQ80: m. | AS80: B.E | AV80: m. | AX80: B.E | BA80: m. | BC80: B.E | BF80: m. | BH80: B.E | BK80: m. | BM80: B.E | BP80: m. | BR80: B.E
A81: Repair Rate : | C81: =B86/((72*3.1415/59)*(129.67/3.281)) -> 0 | F81: Repair Rate : | H81: =G86/((72*3.1415/59)*(129.67/3.281)) -> 0 | K81: Repair Rate : | M81: =L86/((72*3.1415/59)*(129.67/3.281)) -> 0 | P81: Repair Rate : | R81: =Q86/((72*3.1415/59)*(129.67/3.281)) -> 0 | U81: Repair Rate : | W81: =V86/((72*3.1415/59)*(129.67/3.281)) -> 0 | Z81: Repair Rate : | AB81: =AA86/((72*3.1415/59)*(129.67/3.281)) -> 0 | AE81: Repair Rate : | AG81: =AF86/((72*3.1415/59)*(129.67/3.281)) -> 0 | AJ81: Repair Rate : | AL81: =AK86/((72*3.1415/59)*(129.67/3.281)) -> 0 | AO81: Repair Rate : | AQ81: =AP86/((72*3.1415/59)*(129.67/3.281)) -> 0 | AT81: Repair Rate : | AV81: =AU86/((72*3.1415/59)*(129.67/3.281)) -> 0 | AY81: Repair Rate : | BA81: =AZ86/((72*3.1415/59)*(129.67/3.281)) -> 0 | BD81: Repair Rate : | BF81: =BE86/((72*3.1415/59)*(129.67/3.281)) -> 0 | BI81: Repair Rate : | BK81: =BJ86/((72*3.1415/59)*(129.67/3.281)) -> 0 | BN81: Repair Rate : | BP81: =BO86/((72*3.1415/59)*(129.67/3.281)) -> 0
A82: COATING | C82: CLUTCH | F82: COATING | H82: CLUTCH | K82: COATING | M82: CLUTCH | P82: COATING | R82: CLUTCH | U82: COATING | W82: CLUTCH | Z82: COATING | AB82: CLUTCH | AE82: COATING | AG82: CLUTCH | AJ82: COATING | AL82: CLUTCH | AO82: COATING | AQ82: CLUTCH | AT82: COATING | AV82: CLUTCH | AY82: COATING | BA82: CLUTCH | BD82: COATING | BF82: CLUTCH | BI82: COATING | BK82: CLUTCH | BN82: COATING | BP82: CLUTCH
A85: 129' 8" ft | F85: 129' 8" ft | K85: 129' 8" ft | P85: 129' 8" ft | U85: 129' 8" ft | Z85: 129' 8" ft | AE85: 129' 8" ft | AJ85: 129' 8" ft | AO85: 129' 8" ft | AT85: 129' 8" ft | AY85: 129' 8" ft | BD85: 129' 8" ft | BI85: 129' 8" ft | BN85: 129' 8" ft
C86: m. | E86: B.E | H86: m. | J86: B.E | M86: m. | O86: B.E | R86: m. | T86: B.E | W86: m. | Y86: B.E | AB86: m. | AD86: B.E | AG86: m. | AI86: B.E | AL86: m. | AN86: B.E | AQ86: m. | AS86: B.E | AV86: m. | AX86: B.E | BA86: m. | BC86: B.E | BF86: m. | BH86: B.E | BK86: m. | BM86: B.E | BP86: m. | BR86: B.E
A87: Repair Rate : | C87: =B92/((72*3.1415/59)*(129.67/3.281)) -> 0 | F87: Repair Rate : | H87: =G92/((72*3.1415/59)*(129.67/3.281)) -> 0 | K87: Repair Rate : | M87: =L92/((72*3.1415/59)*(129.67/3.281)) -> 0 | P87: Repair Rate : | R87: =Q92/((72*3.1415/59)*(129.67/3.281)) -> 0 | U87: Repair Rate : | W87: =V92/((72*3.1415/59)*(129.67/3.281)) -> 0 | Z87: Repair Rate : | AB87: =AA92/((72*3.1415/59)*(129.67/3.281)) -> 0 | AE87: Repair Rate : | AG87: =AF92/((72*3.1415/59)*(129.67/3.281)) -> 0 | AJ87: Repair Rate : | AL87: =AK92/((72*3.1415/59)*(129.67/3.281)) -> 0 | AO87: Repair Rate : | AQ87: =AP92/((72*3.1415/59)*(129.67/3.281)) -> 0 | AT87: Repair Rate : | AV87: =AU92/((72*3.1415/59)*(129.67/3.281)) -> 0 | AY87: Repair Rate : | BA87: =AZ92/((72*3.1415/59)*(129.67/3.281)) -> 0 | BD87: Repair Rate : | BF87: =BE92/((72*3.1415/59)*(129.67/3.281)) -> 0 | BI87: Repair Rate : | BK87: =BJ92/((72*3.1415/59)*(129.67/3.281)) -> 0 | BN87: Repair Rate : | BP87: =BO92/((72*3.1415/59)*(129.67/3.281)) -> 0
A88: COATING | C88: CLUTCH | F88: COATING | H88: CLUTCH | K88: COATING | M88: CLUTCH | P88: COATING | R88: CLUTCH | U88: COATING | W88: CLUTCH | Z88: COATING | AB88: CLUTCH | AE88: COATING | AG88: CLUTCH | AJ88: COATING | AL88: CLUTCH | AO88: COATING | AQ88: CLUTCH | AT88: COATING | AV88: CLUTCH | AY88: COATING | BA88: CLUTCH | BD88: COATING | BF88: CLUTCH | BI88: COATING | BK88: CLUTCH | BN88: COATING | BP88: CLUTCH
A91: 129' 8" ft | F91: 129' 8" ft | K91: 129' 8" ft | P91: 129' 8" ft | U91: 129' 8" ft | Z91: 129' 8" ft | AE91: 129' 8" ft | AJ91: 129' 8" ft | AO91: 129' 8" ft | AT91: 129' 8" ft | AY91: 129' 8" ft | BD91: 129' 8" ft | BI91: 129' 8" ft | BN91: 129' 8" ft
C92: m. | E92: B.E | H92: m. | J92: B.E | M92: m. | O92: B.E | R92: m. | T92: B.E | W92: m. | Y92: B.E | AB92: m. | AD92: B.E | AG92: m. | AI92: B.E | AL92: m. | AN92: B.E | AQ92: m. | AS92: B.E | AV92: m. | AX92: B.E | BA92: m. | BC92: B.E | BF92: m. | BH92: B.E | BK92: m. | BM92: B.E | BP92: m. | BR92: B.E
A93: Repair Rate : | C93: =B98/((72*3.1415/59)*(129.67/3.281)) -> 0 | F93: Repair Rate : | H93: =G98/((72*3.1415/59)*(129.67/3.281)) -> 0 | K93: Repair Rate : | M93: =L98/((72*3.1415/59)*(129.67/3.281)) -> 0 | P93: Repair Rate : | R93: =Q98/((72*3.1415/59)*(129.67/3.281)) -> 0 | U93: Repair Rate : | W93: =V98/((72*3.1415/59)*(129.67/3.281)) -> 0 | Z93: Repair Rate : | AB93: =AA98/((72*3.1415/59)*(129.67/3.281)) -> 0 | AE93: Repair Rate : | AG93: =AF98/((72*3.1415/59)*(129.67/3.281)) -> 0 | AJ93: Repair Rate : | AL93: =AK98/((72*3.1415/59)*(129.67/3.281)) -> 0 | AO93: Repair Rate : | AQ93: =AP98/((72*3.1415/59)*(129.67/3.281)) -> 0 | AT93: Repair Rate : | AV93: =AU98/((72*3.1415/59)*(129.67/3.281)) -> 0 | AY93: Repair Rate : | BA93: =AZ98/((72*3.1415/59)*(129.67/3.281)) -> 0 | BD93: Repair Rate : | BF93: =BE98/((72*3.1415/59)*(129.67/3.281)) -> 0 | BI93: Repair Rate : | BK93: =BJ98/((72*3.1415/59)*(129.67/3.281)) -> 0 | BN93: Repair Rate : | BP93: =BO98/((72*3.1415/59)*(129.67/3.281)) -> 0
A94: COATING | C94: CLUTCH | F94: COATING | H94: CLUTCH | K94: COATING | M94: CLUTCH | P94: COATING | R94: CLUTCH | U94: COATING | W94: CLUTCH | Z94: COATING | AB94: CLUTCH | AE94: COATING | AG94: CLUTCH | AJ94: COATING | AL94: CLUTCH | AO94: COATING | AQ94: CLUTCH | AT94: COATING | AV94: CLUTCH | AY94: COATING | BA94: CLUTCH | BD94: COATING | BF94: CLUTCH | BI94: COATING | BK94: CLUTCH | BN94: COATING | BP94: CLUTCH
A97: 129' 8" ft | F97: 129' 8" ft | K97: 129' 8" ft | P97: 129' 8" ft | U97: 129' 8" ft | Z97: 129' 8" ft | AE97: 129' 8" ft | AJ97: 129' 8" ft | AO97: 129' 8" ft | AT97: 129' 8" ft | AY97: 129' 8" ft | BD97: 129' 8" ft | BI97: 129' 8" ft | BN97: 129' 8" ft
C98: m. | E98: B.E | H98: m. | J98: B.E | M98: m. | O98: B.E | R98: m. | T98: B.E | W98: m. | Y98: B.E | AB98: m. | AD98: B.E | AG98: m. | AI98: B.E | AL98: m. | AN98: B.E | AQ98: m. | AS98: B.E | AV98: m. | AX98: B.E | BA98: m. | BC98: B.E | BF98: m. | BH98: B.E | BK98: m. | BM98: B.E | BP98: m. | BR98: B.E
A99: Repair Rate : | C99: =B104/((72*3.1415/59)*(129.67/3.281)) -> 0 | F99: Repair Rate : | H99: =G104/((72*3.1415/59)*(129.67/3.281)) -> 0 | K99: Repair Rate : | M99: =L104/((72*3.1415/59)*(129.67/3.281)) -> 0 | P99: Repair Rate : | R99: =Q104/((72*3.1415/59)*(129.67/3.281)) -> 0 | U99: Repair Rate : | W99: =V104/((72*3.1415/59)*(129.67/3.281)) -> 0 | Z99: Repair Rate : | AB99: =AA104/((72*3.1415/59)*(129.67/3.281)) -> 0 | AE99: Repair Rate : | AG99: =AF104/((72*3.1415/59)*(129.67/3.281)) -> 0 | AJ99: Repair Rate : | AL99: =AK104/((72*3.1415/59)*(129.67/3.281)) -> 0 | AO99: Repair Rate : | AQ99: =AP104/((72*3.1415/59)*(129.67/3.281)) -> 0 | AT99: Repair Rate : | AV99: =AU104/((72*3.1415/59)*(129.67/3.281)) -> 0 | AY99: Repair Rate : | BA99: =AZ104/((72*3.1415/59)*(129.67/3.281)) -> 0 | BD99: Repair Rate : | BF99: =BE104/((72*3.1415/59)*(129.67/3.281)) -> 0 | BI99: Repair Rate : | BK99: =BJ104/((72*3.1415/59)*(129.67/3.281)) -> 0 | BN99: Repair Rate : | BP99: =BO104/((72*3.1415/59)*(129.67/3.281)) -> 0
A100: COATING | C100: CLUTCH | F100: COATING | H100: CLUTCH | K100: COATING | M100: CLUTCH | P100: COATING | R100: CLUTCH | U100: COATING | W100: CLUTCH | Z100: COATING | AB100: CLUTCH | AE100: COATING | AG100: CLUTCH | AJ100: COATING | AL100: CLUTCH | AO100: COATING | AQ100: CLUTCH | AT100: COATING | AV100: CLUTCH | AY100: COATING | BA100: CLUTCH | BD100: COATING | BF100: CLUTCH | BI100: COATING | BK100: CLUTCH | BN100: COATING | BP100: CLUTCH
A103: 129' 8" ft | F103: 129' 8" ft | K103: 129' 8" ft | P103: 129' 8" ft | U103: 129' 8" ft | Z103: 129' 8" ft | AE103: 129' 8" ft | AJ103: 129' 8" ft | AO103: 129' 8" ft | AT103: 129' 8" ft | AY103: 129' 8" ft | BD103: 129' 8" ft | BI103: 129' 8" ft | BN103: 129' 8" ft
C104: m. | E104: B.E | H104: m. | J104: B.E | M104: m. | O104: B.E | R104: m. | T104: B.E | W104: m. | Y104: B.E | AB104: m. | AD104: B.E | AG104: m. | AI104: B.E | AL104: m. | AN104: B.E | AQ104: m. | AS104: B.E | AV104: m. | AX104: B.E | BA104: m. | BC104: B.E | BF104: m. | BH104: B.E | BK104: m. | BM104: B.E | BP104: m. | BR104: B.E
A105: Repair Rate : | C105: =B110/((72*3.1415/59)*(129.67/3.281)) -> 0 | F105: Repair Rate : | H105: =G110/((72*3.1415/59)*(129.67/3.281)) -> 0 | K105: Repair Rate : | M105: =L110/((72*3.1415/59)*(129.67/3.281)) -> 0 | P105: Repair Rate : | R105: =Q110/((72*3.1415/59)*(129.67/3.281)) -> 0 | U105: Repair Rate : | W105: =V110/((72*3.1415/59)*(129.67/3.281)) -> 0 | Z105: Repair Rate : | AB105: =AA110/((72*3.1415/59)*(129.67/3.281)) -> 0 | AE105: Repair Rate : | AG105: =AF110/((72*3.1415/59)*(129.67/3.281)) -> 0 | AJ105: Repair Rate : | AL105: =AK110/((72*3.1415/59)*(129.67/3.281)) -> 0 | AO105: Repair Rate : | AQ105: =AP110/((72*3.1415/59)*(129.67/3.281)) -> 0 | AT105: Repair Rate : | AV105: =AU110/((72*3.1415/59)*(129.67/3.281)) -> 0 | AY105: Repair Rate : | BA105: =AZ110/((72*3.1415/59)*(129.67/3.281)) -> 0 | BD105: Repair Rate : | BF105: =BE110/((72*3.1415/59)*(129.67/3.281)) -> 0 | BI105: Repair Rate : | BK105: =BJ110/((72*3.1415/59)*(129.67/3.281)) -> 0 | BN105: Repair Rate : | BP105: =BO110/((72*3.1415/59)*(129.67/3.281)) -> 0
A106: COATING | C106: CLUTCH | F106: COATING | H106: CLUTCH | K106: COATING | M106: CLUTCH | P106: COATING | R106: CLUTCH | U106: COATING | W106: CLUTCH | Z106: COATING | AB106: CLUTCH | AE106: COATING | AG106: CLUTCH | AJ106: COATING | AL106: CLUTCH | AO106: COATING | AQ106: CLUTCH | AT106: COATING | AV106: CLUTCH | AY106: COATING | BA106: CLUTCH | BD106: COATING | BF106: CLUTCH | BI106: COATING | BK106: CLUTCH | BN106: COATING | BP106: CLUTCH
A109: 129' 8" ft | F109: 129' 8" ft | K109: 129' 8" ft | P109: 129' 8" ft | U109: 129' 8" ft | Z109: 129' 8" ft | AE109: 129' 8" ft | AJ109: 129' 8" ft | AO109: 129' 8" ft | AT109: 129' 8" ft | AY109: 129' 8" ft | BD109: 129' 8" ft | BI109: 129' 8" ft | BN109: 129' 8" ft
C110: m. | E110: B.E | H110: m. | J110: B.E | M110: m. | O110: B.E | R110: m. | T110: B.E | W110: m. | Y110: B.E | AB110: m. | AD110: B.E | AG110: m. | AI110: B.E | AL110: m. | AN110: B.E | AQ110: m. | AS110: B.E | AV110: m. | AX110: B.E | BA110: m. | BC110: B.E | BF110: m. | BH110: B.E | BK110: m. | BM110: B.E | BP110: m. | BR110: B.E
A111: Repair Rate : | C111: =B116/((72*3.1415/59)*(129.67/3.281)) -> 0 | F111: Repair Rate : | H111: =G116/((72*3.1415/59)*(129.67/3.281)) -> 0
A112: COATING | C112: CLUTCH | F112: COATING | H112: CLUTCH
A115: 129' 8" ft | F115: 129' 8" ft
C116: m. | E116: B.E | H116: m. | J116: B.E
G124: {=SUM(COUNTIF(INDIRECT({"B6","G6","L6","Q6","V6","AA6","AF6","AK6","AP6","AU6","AZ6","BE6","BJ6","BO6","B12","G12","L12","Q12","V12","AA12","AF12","AK12","AP12","AU12","AZ12","BE12","BJ12","BO12","B18","G18","L18","Q18","V18","AA18","AF18","AK18","AP18","AU18","AZ18","BE18","BJ18","BO18","B24","G24","L24","Q24","V24","AA24","AF24","AK24","AP24","AU24","AZ24","BE24","BJ24","BO24","B30","G30","L30","Q30","V30","AA30","AF30","AK30","AP30","AU30","AZ30","BE30","BJ30","BO30","B36","G36","L36","Q36","V36","AA36","AF36","AK36","AP36","AU36","AZ36","BE36","BJ36","BO36","B42","G42","L42","Q42","V42","AA42","AF42","AK42","AP42","AU42","AZ42","BE42","BJ42","BO42","B48","G48","L48","Q48","V48","AA48","AF48","AK48","AP48","AU48","AZ48","BE48","BJ48","BO48","B67","G67","L67","Q67","V67","AA67","AF67","AK67","AP67","AU67","AZ67","BE67","BJ67","BO67","B73","G73","L73","Q73","V73","AA73","AF73","AK73","AP73","AU73","AZ73","BE73","BJ73","BO73","B79","G79","L79","Q79","V79","AA79","AF79","AK79","AP79","AU79","AZ79","BE79","BJ79","BO79","B85","G85","L85","Q85","V85","AA85","AF85","AK85","AP85","AU85","AZ85","BE85","BJ85","BO85","B91","G91","L91","Q91","V91","AA91","AF91","AK91","AP91","AU91","AZ91","BE91","BJ91","BO91","B97","G97","L97","Q97","V97","AA97","AF97","AK97","AP97","AU97","AZ97","BE97","BJ97","BO97","B103","G103","L103","Q103","V103","AA103"}),">0"))} -> 72 | X124: PREV. REPAIRED PIPE no.s | AJ124: DAILY REPAIR AMOUNT (METER) | AU124: Total Repair Amount (Meter)
G128: {=SUM(COUNTIF(INDIRECT({"B7","G7","L7","Q7","V7","AA7","AF7","AK7","AP7","AU7","AZ7","BE7","BJ7","BO7","B13","G13","L13","Q13","V13","AA13","AF13","AK13","AP13","AU13","AZ13","BE13","BJ13","BO13","B19","G19","L19","Q19","V19","AA19","AF19","AK19","AP19","AU19","AZ19","BE19","BJ19","BO19","B25","G25","L25","Q25","V25","AA25","AF25","AK25","AP25","AU25","AZ25","BE25","BJ25","BO25","B31","G31","L31","Q31","V31","AA31","AF31","AK31","AP31","AU31","AZ31","BE31","BJ31","BO31","B37","G37","L37","Q37","V37","AA37","AF37","AK37","AP37","AU37","AZ37","BE37","BJ37","BO37","B43","G43","L43","Q43","V43","AA43","AF43","AK43","AP43","AU43","AZ43","BE43","BJ43","BO43","B49","G49","L49","Q49","V49","AA49","AF49","AK49","AP49","AU49","AZ49","BE49","BJ49","BO49","B68","G68","L68","Q68","V68","AA68","AF68","AK68","AP68","AU68","AZ68","BE68","BJ68","BO68","B74","G74","L74","Q74","V74","AA74","AF74","AK74","AP74","AU74","AZ74","BE74","BJ74","BO74","B80","G80","L80","Q80","V80","AA80","AF80","AK80","AP80","AU80","AZ80","BE80","BJ80","BO80","B86","G86","L86","Q86","V86","AA86","AF86","AK86","AP86","AU86","AZ86","BE86","BJ86","BO86","B92","G92","L92","Q92","V92","AA92","AF92","AK92","AP92","AU92","AZ92","BE92","BJ92","BO92","B98","G98","L98","Q98","V98","AA98","AF98","AK98","AP98","AU98","AZ98","BE98","BJ98","BO98","B104","G104","L104","Q104","V104","AA104"}),">0"))} -> 19 | AJ128: =AU128-Z140 -> 1.6256 | AU128: =B7+G7+L7+Q7+V7+AA7+AF7+AK7+AP7+AU7+AZ7+BE7+BJ7+BO7+BO13+BJ13+BE13+AZ13+AU13+AP13+AK13+AF13+AA13+V13+Q13+L13+G13+B13+B19+G19+L19+Q19+V19+AA19+AF19+AK19+AP19+AU19+AZ19+BE19+BJ19+BO19+BO25+BJ25+BE25+AZ25+AU25+AP25+AK25+AF25+AA25+V25+Q25+L25+G25+B31+B25+G31+L31+Q31+V31+AA31+AF31+AK31+AP31+AU31+AZ31+BE31+BJ31+BO31+BO37+BJ37+BE37+AZ37+AU37+AP37+AK37+AF37+AA37+V37+Q37+L37+G37+B37+B43+G43+L43+Q43+V43+AA43+AF43+AK43+AP43+AU43+AZ43+BE43+BJ43+BO43+BO49+BJ49+BE49+AZ49+AU49+AP49+AK49+AF49+AA49+V49+Q49+L49+G49+B49+B68+G68+L68+Q68+V68+AA68+AF68+AK68+AP68+AU68+AZ68+BE68+BJ68+BO68+BO74+BJ74+BE74+AZ74+AU74+AP74+AK74+AF74+AA74+V74+Q74+L74+G74+B74+B80+G80+L80+Q80+V80+AA80+AF80+AK80+AP80+AU80+AZ80+BE80+BJ80+BO80+BO86+BJ86+BE86+AZ86+AU86+AP86+AK86+AF86+AA86+V86+Q86+L86+G86+B86+B92+G92+L92+Q92+V92+AA92+AF92+AK92+AP92+AU92+AZ92+BE92+BJ92+BO92+B98+G98+L98+Q98+V98+AA98+AF98+AK98+AP98+AU98+AZ98+BE98+BJ98+BO98+B104+G104+L104+Q104+V104+AA104 -> 11.684
AU132: Total RepAIRED B.E. QTY. (Meter) | AY132: =D7+I7+N7+S7+X7+AH7+AM7+AR7+AW7+BB7+BG7+BL7+BQ7+D13+I13+N13+S13+X13+AC13+AH13+AM13+AR13+AW13+BB13+BG13+BL13+BQ13+D19+I19+N19+S19+X19+AC19+AH19+AM19+AR19+AW19+BB19+BG19+BL19+BQ19+D25+I25+N25+S25+X25+AC25+AH25+AM25+AR25+AW25+BB25+BG25+BL25+D31+I31+BQ25+N31+S31+X31+AC31+AH31+AM31+AR31+AW31+BB31+BG31+BL31+BQ31+BQ37+BL37+BG37+BB37+AW37+AR37+AM37+AH37+AC37+X37+S37+N37+I37+D37+D43+I43+N43+S43+X43+AC43+AH43+AM43+AR43+AW43+BB43+BG43+BL43+BQ43+BQ49+BL49+BG49+BB49+AW49+AR49+AM49+AH49+AC49+X49+S49+N49+I49+D49+D68+I68+N68+S68+X68+AC68+AH68+AM68+AR68+AW68+BB68+BG68+BL68+BQ68+BQ74+BL74+BG74+BB74+AW74+AR74+AM74+AH74+AC74+X74+S74+N74+I74+D74+D80+I80+N80+S80+X80+AC80+AH80+AM80+AR80+AW80+BB80+BG80+BL80+BQ80+BQ86+BL86+BG86+BB86+AW86+AR98+AW98+BB98+BG98+BL98+BQ98+D104+I104++AR86+AM86+AH86+AC86+X86+S86+N86+I86+D86+D92+I92+N92+S92+X92+AC92+AH92+AM92+AR92+AW92+BB92+BG92+BL92+BQ92+AM98+AH98+AC98+X98+S98+N98+I98+D98+N104+S104+X104+AC104+AC7 -> 6 | BB132: B.E.
AY133: =AY132*1.5 -> 9 | BD133: meter
AJ138: 55 | AM138: 14 | AP138: =AM138*AJ138 -> 770
AU139: TOT. LENGTH (ft) | AX139: REP. PIPE TOT. LENGTH (ft) | BA139: TOT. REP. (mt) | BC139: TOT. REP. W/ B.E. (mt)
Z140: 10.0584
AJ141: 50 | AP141: =AM141*AJ141 -> 0
AU142: 4120 | AX142: =AJ156 -> 1150 | BA142: =AU128 -> 11.684 | BC142: =AY133+AU128 -> 20.684
AJ144: 60 | AM144: 1 | AP144: =AM144*AJ144 -> 60
AJ147: 65 | AP147: =AM147*AJ147 -> 0
AU148: REP. RATIO (%)
AJ150: 35 | AP150: =AM150*AJ150 -> 0
AU151: (Total Tamir mt.)/[(Dx3.1415/W)(Total Length mt.)
AJ153: 80 | AM153: 4 | AP153: =AM153*AJ153 -> 320 | AU153: =BA142/((42*3.1415/59)*(AX142/3.281)) -> 0.014906154
AJ156: =AP138+AP141+AP144+AP147+AP150+AP153+AP156+AP159 -> 1150 | AU156: REP. RATIO W/ B.E. (%)
AU158: (Total Tamir w/B.E. mt.)/[(Dx3.1415/W)(Total Length mt.)
AU162: =BC142/((42*3.1415/59)*(AX142/3.281)) -> 0.026388128

Sheet 10-107
A2: Repair Rate : | C2: =B7/((72*3.1415/59)*(129.67/3.281)) -> 0.03570643 | F2: Repair Rate : | H2: =G7/((72*3.1415/59)*(129.67/3.281)) -> 0.042412111 | K2: Repair Rate : | M2: =L7/((72*3.1415/59)*(129.67/3.281)) -> 0.008712105 | P2: Repair Rate : | R2: =Q7/((72*3.1415/59)*(129.67/3.281)) -> 0.033363402 | U2: Repair Rate : | W2: =V7/((72*3.1415/59)*(129.67/3.281)) -> 0.021122895 | Z2: Repair Rate : | AB2: =AA7/((72*3.1415/59)*(129.67/3.281)) -> 0.0023430282 | AE2: Repair Rate : | AG2: =AF7/((72*3.1415/59)*(129.67/3.281)) -> 0.029502356 | AJ2: Repair Rate : | AL2: =AK7/((72*3.1415/59)*(129.67/3.281)) -> 0.062027548 | AO2: Repair Rate : | AQ2: =AP7/((72*3.1415/59)*(129.67/3.281)) -> 0.046596562 | AT2: Repair Rate : | AV2: =AU7/((72*3.1415/59)*(129.67/3.281)) -> 0.17904036 | AY2: Repair Rate : | BA2: =AZ7/((72*3.1415/59)*(129.67/3.281)) -> 0.033059799 | BD2: Repair Rate : | BF2: =BE7/((72*3.1415/59)*(129.67/3.281)) -> 0.045766272 | BI2: Repair Rate : | BK2: =BJ7/((72*3.1415/59)*(129.67/3.281)) -> 0.0072072869 | BN2: Repair Rate : | BP2: =BO7/((72*3.1415/59)*(129.67/3.281)) -> 0.0010032121
A3: COATING | C3: CLUTCH | F3: COATING | H3: CLUTCH | K3: COATING | M3: CLUTCH | P3: COATING | R3: CLUTCH | U3: COATING | W3: CLUTCH | Z3: COATING | AB3: CLUTCH | AE3: COATING | AG3: CLUTCH | AJ3: COATING | AL3: CLUTCH | AO3: COATING | AQ3: CLUTCH | AT3: COATING | AV3: CLUTCH | AY3: COATING | BA3: CLUTCH | BD3: COATING | BF3: CLUTCH | BI3: COATING | BK3: CLUTCH | BN3: COATING | BP3: CLUTCH
A6: 129' 8" ft | B6: 1 | F6: 129' 8" ft | G6: 2 | K6: 129' 8" ft | L6: 3 | P6: 129' 8" ft | Q6: 4 | U6: 129' 8" ft | V6: 5 | Z6: 129' 8" ft | AA6: 6 | AE6: 129' 8" ft | AF6: 7 | AJ6: 129' 8" ft | AK6: 8 | AO6: 129' 8" ft | AP6: 9 | AT6: 129' 8" ft | AU6: 10 | AY6: 129' 8" ft | AZ6: 11 | BD6: 129' 8" ft | BE6: 12 | BI6: 129' 8" ft | BJ6: 13 | BN6: 129' 8" ft | BO6: 14
B7: 5.41 | C7: m. | D7: 2 | E7: B.E | G7: 6.426 | H7: m. | I7: 2 | J7: B.E | L7: 1.32 | M7: m. | N7: 2 | O7: B.E | Q7: 5.055 | R7: m. | S7: 2 | T7: B.E | V7: 3.2004 | W7: m. | X7: 1 | Y7: B.E | AA7: 0.355 | AB7: m. | AC7: 2 | AD7: B.E | AF7: 4.47 | AG7: m. | AH7: 2 | AI7: B.E | AK7: 9.398 | AL7: m. | AM7: 2 | AN7: B.E | AP7: 7.06 | AQ7: m. | AR7: 2 | AS7: B.E | AU7: 27.127 | AV7: m. | AW7: 2 | AX7: B.E | AZ7: 5.009 | BA7: m. | BB7: 2 | BC7: B.E | BE7: 6.9342 | BF7: m. | BG7: 1 | BH7: B.E | BJ7: 1.092 | BK7: m. | BL7: 2 | BM7: B.E | BO7: 0.152 | BP7: m. | BQ7: 2 | BR7: B.E
A8: Repair Rate : | C8: =B13/((72*3.1415/59)*(129.67/3.281)) -> 0.012064945 | F8: Repair Rate : | H8: =G13/((72*3.1415/59)*(129.67/3.281)) -> 0.017602412 | K8: Repair Rate : | M8: =L13/((72*3.1415/59)*(129.67/3.281)) -> 0.015087782 | P8: Repair Rate : | R8: =Q13/((72*3.1415/59)*(129.67/3.281)) -> 0.0015048181 | U8: Repair Rate : | W8: =V13/((72*3.1415/59)*(129.67/3.281)) -> 0.0013398162 | Z8: Repair Rate : | AB8: =AA13/((72*3.1415/59)*(129.67/3.281)) -> 0.007711533 | AE8: Repair Rate : | AG8: =AF13/((72*3.1415/59)*(129.67/3.281)) -> 0.0056998287 | AJ8: Repair Rate : | AL8: =AK13/((72*3.1415/59)*(129.67/3.281)) -> 0.0020117042 | AO8: Repair Rate : | AQ8: =AP13/((72*3.1415/59)*(129.67/3.281)) -> 0.0036828444 | AT8: Repair Rate : | AV8: =AU13/((72*3.1415/59)*(129.67/3.281)) -> 0.0043586925 | AY8: Repair Rate : | BA8: =AZ13/((72*3.1415/59)*(129.67/3.281)) -> 0.011064373 | BD8: Repair Rate : | BF8: =BE13/((72*3.1415/59)*(129.67/3.281)) -> 0.0016764202 | BI8: Repair Rate : | BK8: =BJ13/((72*3.1415/59)*(129.67/3.281)) -> 0.0013398162 | BN8: Repair Rate : | BP8: =BO13/((72*3.1415/59)*(129.67/3.281)) -> 0.012738154
A9: COATING | C9: CLUTCH | F9: COATING | H9: CLUTCH | K9: COATING | M9: CLUTCH | P9: COATING | R9: CLUTCH | U9: COATING | W9: CLUTCH | Z9: COATING | AB9: CLUTCH | AE9: COATING | AG9: CLUTCH | AJ9: COATING | AL9: CLUTCH | AO9: COATING | AQ9: CLUTCH | AT9: COATING | AV9: CLUTCH | AY9: COATING | BA9: CLUTCH | BD9: COATING | BF9: CLUTCH | BI9: COATING | BK9: CLUTCH | BN9: COATING | BP9: CLUTCH
A12: 129' 8" ft | B12: 15 | F12: 129' 8" ft | G12: 16 | K12: 129' 8" ft | L12: 17 | P12: 129' 8" ft | Q12: 18 | U12: 129' 8" ft | V12: 19 | Z12: 129' 8" ft | AA12: 20 | AE12: 129' 8" ft | AF12: 21 | AJ12: 129' 8" ft | AK12: 22 | AO12: 129' 8" ft | AP12: 23 | AT12: 129' 8" ft | AU12: 24 | AY12: 129' 8" ft | AZ12: 25 | BD12: 129' 8" ft | BE12: 26 | BI12: 129' 8" ft | BJ12: 27 | BN12: 129' 8" ft | BO12: 28
B13: 1.828 | C13: m. | D13: 2 | E13: B.E | G13: 2.667 | H13: m. | I13: 1 | J13: B.E | L13: 2.286 | M13: m. | N13: 2 | O13: B.E | Q13: 0.228 | R13: m. | S13: 2 | T13: B.E | V13: 0.203 | W13: m. | X13: 2 | Y13: B.E | AA13: 1.1684 | AB13: m. | AC13: 1 | AD13: B.E | AF13: 0.8636 | AG13: m. | AH13: 2 | AI13: B.E | AK13: 0.3048 | AL13: m. | AM13: 2 | AN13: B.E | AP13: 0.558 | AQ13: m. | AR13: 1 | AS13: B.E | AU13: 0.6604 | AV13: m. | AW13: 2 | AX13: B.E | AZ13: 1.6764 | BA13: m. | BB13: 2 | BC13: B.E | BE13: 0.254 | BF13: m. | BG13: 1 | BH13: B.E | BJ13: 0.203 | BK13: m. | BL13: 2 | BM13: B.E | BO13: 1.93 | BP13: m. | BQ13: 2 | BR13: B.E
A14: Repair Rate : | C14: =B19/((72*3.1415/59)*(129.67/3.281)) -> 0.0095503151 | F14: Repair Rate : | H14: =G19/((72*3.1415/59)*(129.67/3.281)) -> 0.013411362 | K14: Repair Rate : | M14: =L19/((72*3.1415/59)*(129.67/3.281)) -> 0.0051942626 | P14: Repair Rate : | R14: =Q19/((72*3.1415/59)*(129.67/3.281)) -> 0.010561447 | U14: Repair Rate : | W14: =V19/((72*3.1415/59)*(129.67/3.281)) -> 0.056327719 | Z14: Repair Rate : | AB14: =AA19/((72*3.1415/59)*(129.67/3.281)) -> 0.0061974747 | AE14: Repair Rate : | AG14: =AF19/((72*3.1415/59)*(129.67/3.281)) -> 0.010896731 | AJ14: Repair Rate : | AL14: =AK19/((72*3.1415/59)*(129.67/3.281)) -> 0.018440622 | AO14: Repair Rate : | AQ14: =AP19/((72*3.1415/59)*(129.67/3.281)) -> 0.0315167 | AT14: Repair Rate : | AV14: =AU19/((72*3.1415/59)*(129.67/3.281)) -> 0.026655081 | AY14: Repair Rate : | BA14: =AZ19/((72*3.1415/59)*(129.67/3.281)) -> 0.033696046 | BD14: Repair Rate : | BF14: =BE19/((72*3.1415/59)*(129.67/3.281)) -> 0.0023469883 | BI14: Repair Rate : | BK14: =BJ19/((72*3.1415/59)*(129.67/3.281)) -> 0.0046939766 | BN14: Repair Rate : | BP14: =BO19/((72*3.1415/59)*(129.67/3.281)) -> 0.05062789
A15: COATING | C15: CLUTCH | F15: COATING | H15: CLUTCH | K15: COATING | M15: CLUTCH | P15: COATING | R15: CLUTCH | U15: COATING | W15: CLUTCH | Z15: COATING | AB15: CLUTCH | AE15: COATING | AG15: CLUTCH | AJ15: COATING | AL15: CLUTCH | AO15: COATING | AQ15: CLUTCH | AT15: COATING | AV15: CLUTCH | AY15: COATING | BA15: CLUTCH | BD15: COATING | BF15: CLUTCH | BI15: COATING | BK15: CLUTCH | BN15: COATING | BP15: CLUTCH
A18: 129' 8" ft | B18: 29 | F18: 129' 8" ft | G18: 30 | K18: 129' 8" ft | L18: 31 | P18: 129' 8" ft | Q18: 32 | U18: 129' 8" ft | V18: 33 | Z18: 129' 8" ft | AA18: 34 | AE18: 129' 8" ft | AF18: 35 | AJ18: 129' 8" ft | AK18: 36 | AO18: 129' 8" ft | AP18: 37 | AT18: 129' 8" ft | AU18: 38 | AY18: 129' 8" ft | AZ18: 39 | BD18: 129' 8" ft | BE18: 40 | BI18: 129' 8" ft | BJ18: 41 | BN18: 129' 8" ft | BO18: 42
B19: 1.447 | C19: m. | D19: 2 | E19: B.E | G19: 2.032 | H19: m. | I19: 1 | J19: B.E | L19: 0.787 | M19: m. | N19: 2 | O19: B.E | Q19: 1.6002 | R19: m. | S19: 2 | T19: B.E | V19: 8.5344 | W19: m. | X19: 2 | Y19: B.E | AA19: 0.939 | AB19: m. | AC19: 1 | AD19: B.E | AF19: 1.651 | AG19: m. | AH19: 2 | AI19: B.E | AK19: 2.794 | AL19: m. | AM19: 2 | AN19: B.E | AP19: 4.7752 | AQ19: m. | AR19: 1 | AS19: B.E | AU19: 4.0386 | AV19: m. | AW19: 2 | AX19: B.E | AZ19: 5.1054 | BA19: m. | BB19: 1 | BC19: B.E | BE19: 0.3556 | BF19: m. | BG19: 2 | BH19: B.E | BJ19: 0.7112 | BK19: m. | BL19: 2 | BM19: B.E | BO19: 7.6708 | BP19: m. | BQ19: 1 | BR19: B.E
A20: Repair Rate : | C20: =B25/((72*3.1415/59)*(129.67/3.281)) -> 0.008046817 | F20: Repair Rate : | H20: =G25/((72*3.1415/59)*(129.67/3.281)) -> 0.010393805 | K20: Repair Rate : | M20: =L25/((72*3.1415/59)*(129.67/3.281)) -> 0.0075438909 | P20: Repair Rate : | R20: =Q25/((72*3.1415/59)*(129.67/3.281)) -> 0.016428918 | U20: Repair Rate : | W20: =V25/((72*3.1415/59)*(129.67/3.281)) -> 6.6000796e-17 | Z20: Repair Rate : | AB20: =AA25/((72*3.1415/59)*(129.67/3.281)) -> 0.0026822723 | AE20: Repair Rate : | AG20: =AF25/((72*3.1415/59)*(129.67/3.281)) -> 0.010896731 | AJ20: Repair Rate : | AL20: =AK25/((72*3.1415/59)*(129.67/3.281)) -> 0.21658821 | AO20: Repair Rate : | AQ20: =AP25/((72*3.1415/59)*(129.67/3.281)) -> 0.038226341 | AT20: Repair Rate : | AV20: =AU25/((72*3.1415/59)*(129.67/3.281)) -> 0.020619969 | AY20: Repair Rate : | BA20: =AZ25/((72*3.1415/59)*(129.67/3.281)) -> 0.037719455 | BD20: Repair Rate : | BF20: =BE25/((72*3.1415/59)*(129.67/3.281)) -> 0.09371189 | BI20: Repair Rate : | BK20: =BJ25/((72*3.1415/59)*(129.67/3.281)) -> 0.019278832 | BN20: Repair Rate : | BP20: =BO25/((72*3.1415/59)*(129.67/3.281)) -> 0.042413431
A21: COATING | C21: CLUTCH | F21: COATING | H21: CLUTCH | K21: COATING | M21: CLUTCH | P21: COATING | R21: CLUTCH | U21: COATING | W21: CLUTCH | Z21: COATING | AB21: CLUTCH | AE21: COATING | AG21: CLUTCH | AJ21: COATING | AL21: CLUTCH | AO21: COATING | AQ21: CLUTCH | AT21: COATING | AV21: CLUTCH | AY21: COATING | BA21: CLUTCH | BD21: COATING | BF21: CLUTCH | BI21: COATING | BK21: CLUTCH | BN21: COATING | BP21: CLUTCH
A24: 129' 8" ft | B24: 43 | F24: 129' 8" ft | G24: 44 | K24: 129' 8" ft | L24: 45 | P24: 129' 8" ft | Q24: 46 | U24: 129' 8" ft | V24: 47 | Z24: 129' 8" ft | AA24: 48 | AE24: 129' 8" ft | AF24: 49 | AJ24: 129' 8" ft | AK24: 50 | AO24: 129' 8" ft | AP24: 51 | AT24: 129' 8" ft | AU24: 52 | AY24: 129' 8" ft | AZ24: 53 | BD24: 129' 8" ft | BE24: 54 | BI24: 129' 8" ft | BJ24: 55 | BN24: 129' 8" ft | BO24: 56
B25: 1.2192 | C25: m. | D25: 2 | E25: B.E | G25: 1.5748 | H25: m. | I25: 2 | J25: B.E | L25: 1.143 | M25: m. | N25: 1 | O25: B.E | Q25: 2.4892 | R25: m. | S25: 1 | T25: B.E | V25: 1e-14 | W25: m. | X25: 2 | Y25: B.E | AA25: 0.4064 | AB25: m. | AC25: 2 | AD25: B.E | AF25: 1.651 | AG25: m. | AH25: 1 | AI25: B.E | AK25: 32.816 | AL25: m. | AM25: 2 | AN25: B.E | AP25: 5.7918 | AQ25: m. | AR25: 1 | AS25: B.E | AU25: 3.1242 | AV25: m. | AW25: 2 | AX25: B.E | AZ25: 5.715 | BA25: m. | BB25: 2 | BC25: B.E | BE25: 14.1986 | BF25: m. | BG25: 2 | BH25: B.E | BJ25: 2.921 | BK25: m. | BL25: 1 | BM25: B.E | BO25: 6.4262 | BP25: m. | BQ25: 2 | BR25: B.E
A26: Repair Rate : | C26: =B31/((72*3.1415/59)*(129.67/3.281)) -> 0.073594847 | F26: Repair Rate : | H26: =G31/((72*3.1415/59)*(129.67/3.281)) -> 0.062529154 | K26: Repair Rate : | M26: =L31/((72*3.1415/59)*(129.67/3.281)) -> 0.042913717 | P26: Repair Rate : | R26: =Q31/((72*3.1415/59)*(129.67/3.281)) -> 0.029672638 | U26: Repair Rate : | W26: =V31/((72*3.1415/59)*(129.67/3.281)) -> 0.035372466 | Z26: Repair Rate : | AB26: =AA31/((72*3.1415/59)*(129.67/3.281)) -> 0.012740794 | AE26: Repair Rate : | AG26: =AF31/((72*3.1415/59)*(129.67/3.281)) -> 0.029337354 | AJ26: Repair Rate : | AL26: =AK31/((72*3.1415/59)*(129.67/3.281)) -> 0.091694905 | AO26: Repair Rate : | AQ26: =AP31/((72*3.1415/59)*(129.67/3.281)) -> 0.03486822 | AT26: Repair Rate : | AV26: =AU31/((72*3.1415/59)*(129.67/3.281)) -> 0.09371189 | AY26: Repair Rate : | BA26: =AZ31/((72*3.1415/59)*(129.67/3.281)) -> 0.027660933 | BD26: Repair Rate : | BF26: =BE31/((72*3.1415/59)*(129.67/3.281)) -> 0.038222381 | BI26: Repair Rate : | BK26: =BJ31/((72*3.1415/59)*(129.67/3.281)) -> 0.027325649 | BN26: Repair Rate : | BP26: =BO31/((72*3.1415/59)*(129.67/3.281)) -> 0.027996217
A27: COATING | C27: CLUTCH | F27: COATING | H27: CLUTCH | K27: COATING | M27: CLUTCH | P27: COATING | R27: CLUTCH | U27: COATING | W27: CLUTCH | Z27: COATING | AB27: CLUTCH | AE27: COATING | AG27: CLUTCH | AJ27: COATING | AL27: CLUTCH | AO27: COATING | AQ27: CLUTCH | AT27: COATING | AV27: CLUTCH | AY27: COATING | BA27: CLUTCH | BD27: COATING | BF27: CLUTCH | BI27: COATING | BK27: CLUTCH | BN27: COATING | BP27: CLUTCH
A30: 129' 8" ft | B30: 57 | F30: 129' 8" ft | G30: 58 | K30: 129' 8" ft | L30: 59 | P30: 129' 8" ft | Q30: 60 | U30: 129' 8" ft | V30: 61 | Z30: 129' 8" ft | AA30: 62 | AE30: 129' 8" ft | AF30: 63 | AJ30: 129' 8" ft | AK30: 64 | AO30: 129' 8" ft | AP30: 65 | AT30: 129' 8" ft | AU30: 66 | AY30: 129' 8" ft | AZ30: 67 | BD30: 129' 8" ft | BE30: 68 | BI30: 129' 8" ft | BJ30: 69 | BN30: 129' 8" ft | BO30: 70
B31: 11.1506 | C31: m. | D31: 2 | E31: B.E | G31: 9.474 | H31: m. | I31: 2 | J31: B.E | L31: 6.502 | M31: m. | N31: 1 | O31: B.E | Q31: 4.4958 | R31: m. | S31: 2 | T31: B.E | V31: 5.3594 | W31: m. | X31: 2 | Y31: B.E | AA31: 1.9304 | AB31: m. | AC31: 2 | AD31: B.E | AF31: 4.445 | AG31: m. | AH31: 1 | AI31: B.E | AK31: 13.893 | AL31: m. | AM31: 2 | AN31: B.E | AP31: 5.283 | AQ31: m. | AR31: 2 | AS31: B.E | AU31: 14.1986 | AV31: m. | AW31: 2 | AX31: B.E | AZ31: 4.191 | BA31: m. | BB31: 1 | BC31: B.E | BE31: 5.7912 | BF31: m. | BG31: 2 | BH31: B.E | BJ31: 4.1402 | BK31: m. | BL31: 2 | BM31: B.E | BO31: 4.2418 | BP31: m. | BQ31: 1 | BR31: B.E
A32: Repair Rate : | C32: =B37/((72*3.1415/59)*(129.67/3.281)) -> 0.11382497 | F32: Repair Rate : | H32: =G37/((72*3.1415/59)*(129.67/3.281)) -> 0.027325649 | K32: Repair Rate : | M32: =L37/((72*3.1415/59)*(129.67/3.281)) -> 0.10041361 | P32: Repair Rate : | R32: =Q37/((72*3.1415/59)*(129.67/3.281)) -> 0.024473095 | U32: Repair Rate : | W32: =V37/((72*3.1415/59)*(129.67/3.281)) -> 0.038725307 | Z32: Repair Rate : | AB32: =AA37/((72*3.1415/59)*(129.67/3.281)) -> 0.037547853 | AE32: Repair Rate : | AG32: =AF37/((72*3.1415/59)*(129.67/3.281)) -> 0.032690194 | AJ32: Repair Rate : | AL32: =AK37/((72*3.1415/59)*(129.67/3.281)) -> 0.01324372 | AO32: Repair Rate : | AQ32: =AP37/((72*3.1415/59)*(129.67/3.281)) -> 0.025984513 | AT32: Repair Rate : | AV32: =AU37/((72*3.1415/59)*(129.67/3.281)) -> 0.032187268 | AY32: Repair Rate : | BA32: =AZ37/((72*3.1415/59)*(129.67/3.281)) -> 0.15389538 | BD32: Repair Rate : | BF32: =BE37/((72*3.1415/59)*(129.67/3.281)) -> 0.031181416 | BI32: Repair Rate : | BK32: =BJ37/((72*3.1415/59)*(129.67/3.281)) -> 0.013579004 | BN32: Repair Rate : | BP32: =BO37/((72*3.1415/59)*(129.67/3.281)) -> 0.058842349
A33: COATING | C33: CLUTCH | F33: COATING | H33: CLUTCH | K33: COATING | M33: CLUTCH | P33: COATING | R33: CLUTCH | U33: COATING | W33: CLUTCH | Z33: COATING | AB33: CLUTCH | AE33: COATING | AG33: CLUTCH | AJ33: COATING | AL33: CLUTCH | AO33: COATING | AQ33: CLUTCH | AT33: COATING | AV33: CLUTCH | AY33: COATING | BA33: CLUTCH | BD33: COATING | BF33: CLUTCH | BI33: COATING | BK33: CLUTCH | BN33: COATING | BP33: CLUTCH
A36: 129' 8" ft | B36: 71 | F36: 129' 8" ft | G36: 72 | K36: 129' 8" ft | L36: 73 | P36: 129' 8" ft | Q36: 74 | U36: 129' 8" ft | V36: 75 | Z36: 129' 8" ft | AA36: 76 | AE36: 129' 8" ft | AF36: 77 | AJ36: 129' 8" ft | AK36: 78 | AO36: 129' 8" ft | AP36: 79 | AT36: 129' 8" ft | AU36: 80 | AY36: 129' 8" ft | AZ36: 81 | BD36: 129' 8" ft | BE36: 82 | BI36: 129' 8" ft | BJ36: 83 | BN36: 129' 8" ft | BO36: 84
B37: 17.246 | C37: m. | D37: 2 | E37: B.E | G37: 4.1402 | H37: m. | I37: 2 | J37: B.E | L37: 15.214 | M37: m. | N37: 2 | O37: B.E | Q37: 3.708 | R37: m. | S37: 1 | T37: B.E | V37: 5.8674 | W37: m. | X37: 2 | Y37: B.E | AA37: 5.689 | AB37: m. | AC37: 2 | AD37: B.E | AF37: 4.953 | AG37: m. | AH37: 2 | AI37: B.E | AK37: 2.0066 | AL37: m. | AM37: 1 | AN37: B.E | AP37: 3.937 | AQ37: m. | AR37: 2 | AS37: B.E | AU37: 4.8768 | AV37: m. | AW37: 2 | AX37: B.E | AZ37: 23.3172 | BA37: m. | BB37: 2 | BC37: B.E | BE37: 4.7244 | BF37: m. | BG37: 1 | BH37: B.E | BJ37: 2.0574 | BK37: m. | BL37: 2 | BM37: B.E | BO37: 8.9154 | BP37: m. | BQ37: 2 | BR37: B.E
A38: Repair Rate : | C38: =B43/((72*3.1415/59)*(129.67/3.281)) -> 0.016931844 | F38: Repair Rate : | H38: =G43/((72*3.1415/59)*(129.67/3.281)) -> 0.047610334 | K38: Repair Rate : | M38: =L43/((72*3.1415/59)*(129.67/3.281)) -> 0.007879175 | P38: Repair Rate : | R38: =Q43/((72*3.1415/59)*(129.67/3.281)) -> 0.052807237 | U38: Repair Rate : | W38: =V43/((72*3.1415/59)*(129.67/3.281)) -> 0.026655081 | Z38: Repair Rate : | AB38: =AA43/((72*3.1415/59)*(129.67/3.281)) -> 0.0025146303 | AE38: Repair Rate : | AG38: =AF43/((72*3.1415/59)*(129.67/3.281)) -> 0.034534256 | AJ38: Repair Rate : | AL38: =AK43/((72*3.1415/59)*(129.67/3.281)) -> 0.011232015 | AO38: Repair Rate : | AQ38: =AP43/((72*3.1415/59)*(129.67/3.281)) -> 0.012908436 | AT38: Repair Rate : | AV38: =AU43/((72*3.1415/59)*(129.67/3.281)) -> 0.013914288 | AY38: Repair Rate : | BA38: =AZ43/((72*3.1415/59)*(129.67/3.281)) -> 0.0015087782 | BD38: Repair Rate : | BF38: =BE43/((72*3.1415/59)*(129.67/3.281)) -> 0.018942228 | BI38: Repair Rate : | BK38: =BJ43/((72*3.1415/59)*(129.67/3.281)) -> 0.0098908792 | BN38: Repair Rate : | BP38: =BO43/((72*3.1415/59)*(129.67/3.281)) -> 0.0013398162
A39: COATING | C39: CLUTCH | F39: COATING | H39: CLUTCH | K39: COATING | M39: CLUTCH | P39: COATING | R39: CLUTCH | U39: COATING | W39: CLUTCH | Z39: COATING | AB39: CLUTCH | AE39: COATING | AG39: CLUTCH | AJ39: COATING | AL39: CLUTCH | AO39: COATING | AQ39: CLUTCH | AT39: COATING | AV39: CLUTCH | AY39: COATING | BA39: CLUTCH | BD39: COATING | BF39: CLUTCH | BI39: COATING | BK39: CLUTCH | BN39: COATING | BP39: CLUTCH
A42: 129' 8" ft | B42: 85 | F42: 129' 8" ft | G42: 86 | K42: 129' 8" ft | L42: 87 | P42: 129' 8" ft | Q42: 88 | U42: 129' 8" ft | V42: 89 | Z42: 129' 8" ft | AA42: 90 | AE42: 129' 8" ft | AF42: 91 | AJ42: 129' 8" ft | AK42: 92 | AO42: 129' 8" ft | AP42: 93 | AT42: 129' 8" ft | AU42: 94 | AY42: 129' 8" ft | AZ42: 95 | BD42: 129' 8" ft | BE42: 96 | BI42: 129' 8" ft | BJ42: 97 | BN42: 129' 8" ft | BO42: 98
B43: 2.5654 | C43: m. | D43: 1 | E43: B.E | G43: 7.2136 | H43: m. | I43: 1 | J43: B.E | L43: 1.1938 | M43: m. | N43: 2 | O43: B.E | Q43: 8.001 | R43: m. | S43: 1 | T43: B.E | V43: 4.0386 | W43: m. | X43: 2 | Y43: B.E | AA43: 0.381 | AB43: m. | AC43: 1 | AD43: B.E | AF43: 5.2324 | AG43: m. | AH43: 2 | AI43: B.E | AK43: 1.7018 | AL43: m. | AM43: 2 | AN43: B.E | AP43: 1.9558 | AQ43: m. | AR43: 1 | AS43: B.E | AU43: 2.1082 | AV43: m. | AW43: 2 | AX43: B.E | AZ43: 0.2286 | BA43: m. | BB43: 2 | BC43: B.E | BE43: 2.87 | BF43: m. | BG43: 2 | BH43: B.E | BJ43: 1.4986 | BK43: m. | BL43: 1 | BM43: B.E | BO43: 0.203 | BP43: m. | BQ43: 2 | BR43: B.E
A44: Repair Rate : | C44: =B49/((72*3.1415/59)*(129.67/3.281)) -> 0.017265808 | F44: Repair Rate : | H44: =G49/((72*3.1415/59)*(129.67/3.281)) -> 0.007879175 | K44: Repair Rate : | M44: =L49/((72*3.1415/59)*(129.67/3.281)) -> 0.027158007 | P44: Repair Rate : | R44: =Q49/((72*3.1415/59)*(129.67/3.281)) -> 0.0033528404 | U44: Repair Rate : | W44: =V49/((72*3.1415/59)*(129.67/3.281)) -> 0.013914288 | Z44: Repair Rate : | AB44: =AA49/((72*3.1415/59)*(129.67/3.281)) -> 0.011734941 | AE44: Repair Rate : | AG44: =AF49/((72*3.1415/59)*(129.67/3.281)) -> 0.0031851984 | AJ44: Repair Rate : | AL44: =AK49/((72*3.1415/59)*(129.67/3.281)) -> 0.0073762489 | AO44: Repair Rate : | AQ44: =AP49/((72*3.1415/59)*(129.67/3.281)) -> 0.016090994 | AT44: Repair Rate : | AV44: =AU49/((72*3.1415/59)*(129.67/3.281)) -> 0.0021793463
A45: COATING | C45: CLUTCH | F45: COATING | H45: CLUTCH | K45: COATING | M45: CLUTCH | P45: COATING | R45: CLUTCH | U45: COATING | W45: CLUTCH | Z45: COATING | AB45: CLUTCH | AE45: COATING | AG45: CLUTCH | AJ45: COATING | AL45: CLUTCH | AO45: COATING | AQ45: CLUTCH | AT45: COATING | AV45: CLUTCH
A48: 129' 8" ft | B48: 99 | F48: 129' 8" ft | G48: 100 | K48: 129' 8" ft | L48: 101 | P48: 129' 8" ft | Q48: 102 | U48: 129' 8" ft | V48: 103 | Z48: 129' 8" ft | AA48: 104 | AE48: 129' 8" ft | AF48: 105 | AJ48: 129' 8" ft | AK48: 106 | AO48: 129' 8" ft | AP48: 107 | AT48: 129' 8" ft | AU48: 108
B49: 2.616 | C49: m. | D49: 2 | E49: B.E | G49: 1.1938 | H49: m. | I49: 1 | J49: B.E | L49: 4.1148 | M49: m. | N49: 2 | O49: B.E | Q49: 0.508 | R49: m. | S49: 2 | T49: B.E | V49: 2.1082 | W49: m. | X49: 2 | Y49: B.E | AA49: 1.778 | AB49: m. | AC49: 1 | AD49: B.E | AF49: 0.4826 | AG49: m. | AH49: 2 | AI49: B.E | AK49: 1.1176 | AL49: m. | AM49: 2 | AN49: B.E | AP49: 2.438 | AQ49: m. | AR49: 1 | AS49: B.E | AU49: 0.3302 | AV49: m. | AW49: 1 | AX49: B.E
A63: Repair Rate : | C63: =B68/((72*3.1415/59)*(129.67/3.281)) -> 0 | F63: Repair Rate : | H63: =G68/((72*3.1415/59)*(129.67/3.281)) -> 0 | K63: Repair Rate : | M63: =L68/((72*3.1415/59)*(129.67/3.281)) -> 0 | P63: Repair Rate : | R63: =Q68/((72*3.1415/59)*(129.67/3.281)) -> 0 | U63: Repair Rate : | W63: =V68/((72*3.1415/59)*(129.67/3.281)) -> 0 | Z63: Repair Rate : | AB63: =AA68/((72*3.1415/59)*(129.67/3.281)) -> 0 | AE63: Repair Rate : | AG63: =AF68/((72*3.1415/59)*(129.67/3.281)) -> 0 | AJ63: Repair Rate : | AL63: =AK68/((72*3.1415/59)*(129.67/3.281)) -> 0 | AO63: Repair Rate : | AQ63: =AP68/((72*3.1415/59)*(129.67/3.281)) -> 0 | AT63: Repair Rate : | AV63: =AU68/((72*3.1415/59)*(129.67/3.281)) -> 0 | AY63: Repair Rate : | BA63: =AZ68/((72*3.1415/59)*(129.67/3.281)) -> 0 | BD63: Repair Rate : | BF63: =BE68/((72*3.1415/59)*(129.67/3.281)) -> 0 | BI63: Repair Rate : | BK63: =BJ68/((72*3.1415/59)*(129.67/3.281)) -> 0 | BN63: Repair Rate : | BP63: =BO68/((72*3.1415/59)*(129.67/3.281)) -> 0
A64: COATING | C64: CLUTCH | F64: COATING | H64: CLUTCH | K64: COATING | M64: CLUTCH | P64: COATING | R64: CLUTCH | U64: COATING | W64: CLUTCH | Z64: COATING | AB64: CLUTCH | AE64: COATING | AG64: CLUTCH | AJ64: COATING | AL64: CLUTCH | AO64: COATING | AQ64: CLUTCH | AT64: COATING | AV64: CLUTCH | AY64: COATING | BA64: CLUTCH | BD64: COATING | BF64: CLUTCH | BI64: COATING | BK64: CLUTCH | BN64: COATING | BP64: CLUTCH
A67: 129' 8" ft | F67: 129' 8" ft | K67: 129' 8" ft | P67: 129' 8" ft | U67: 129' 8" ft | Z67: 129' 8" ft | AE67: 129' 8" ft | AJ67: 129' 8" ft | AO67: 129' 8" ft | AT67: 129' 8" ft | AY67: 129' 8" ft | BD67: 129' 8" ft | BI67: 129' 8" ft | BN67: 129' 8" ft
C68: m. | E68: B.E | H68: m. | J68: B.E | M68: m. | O68: B.E | R68: m. | T68: B.E | W68: m. | Y68: B.E | AB68: m. | AD68: B.E | AG68: m. | AI68: B.E | AL68: m. | AN68: B.E | AQ68: m. | AS68: B.E | AV68: m. | AX68: B.E | BA68: m. | BC68: B.E | BF68: m. | BH68: B.E | BK68: m. | BM68: B.E | BP68: m. | BR68: B.E
A69: Repair Rate : | C69: =B74/((72*3.1415/59)*(129.67/3.281)) -> 0 | F69: Repair Rate : | H69: =G74/((72*3.1415/59)*(129.67/3.281)) -> 0 | K69: Repair Rate : | M69: =L74/((72*3.1415/59)*(129.67/3.281)) -> 0 | P69: Repair Rate : | R69: =Q74/((72*3.1415/59)*(129.67/3.281)) -> 0 | U69: Repair Rate : | W69: =V74/((72*3.1415/59)*(129.67/3.281)) -> 0 | Z69: Repair Rate : | AB69: =AA74/((72*3.1415/59)*(129.67/3.281)) -> 0 | AE69: Repair Rate : | AG69: =AF74/((72*3.1415/59)*(129.67/3.281)) -> 0 | AJ69: Repair Rate : | AL69: =AK74/((72*3.1415/59)*(129.67/3.281)) -> 0 | AO69: Repair Rate : | AQ69: =AP74/((72*3.1415/59)*(129.67/3.281)) -> 0 | AT69: Repair Rate : | AV69: =AU74/((72*3.1415/59)*(129.67/3.281)) -> 0 | AY69: Repair Rate : | BA69: =AZ74/((72*3.1415/59)*(129.67/3.281)) -> 0 | BD69: Repair Rate : | BF69: =BE74/((72*3.1415/59)*(129.67/3.281)) -> 0 | BI69: Repair Rate : | BK69: =BJ74/((72*3.1415/59)*(129.67/3.281)) -> 0 | BN69: Repair Rate : | BP69: =BO74/((72*3.1415/59)*(129.67/3.281)) -> 0
A70: COATING | C70: CLUTCH | F70: COATING | H70: CLUTCH | K70: COATING | M70: CLUTCH | P70: COATING | R70: CLUTCH | U70: COATING | W70: CLUTCH | Z70: COATING | AB70: CLUTCH | AE70: COATING | AG70: CLUTCH | AJ70: COATING | AL70: CLUTCH | AO70: COATING | AQ70: CLUTCH | AT70: COATING | AV70: CLUTCH | AY70: COATING | BA70: CLUTCH | BD70: COATING | BF70: CLUTCH | BI70: COATING | BK70: CLUTCH | BN70: COATING | BP70: CLUTCH
A73: 129' 8" ft | F73: 129' 8" ft | K73: 129' 8" ft | P73: 129' 8" ft | U73: 129' 8" ft | Z73: 129' 8" ft | AE73: 129' 8" ft | AJ73: 129' 8" ft | AO73: 129' 8" ft | AT73: 129' 8" ft | AY73: 129' 8" ft | BD73: 129' 8" ft | BI73: 129' 8" ft | BN73: 129' 8" ft
C74: m. | E74: B.E | H74: m. | J74: B.E | M74: m. | O74: B.E | R74: m. | T74: B.E | W74: m. | Y74: B.E | AB74: m. | AD74: B.E | AG74: m. | AI74: B.E | AL74: m. | AN74: B.E | AQ74: m. | AS74: B.E | AV74: m. | AX74: B.E | BA74: m. | BC74: B.E | BF74: m. | BH74: B.E | BK74: m. | BM74: B.E | BP74: m. | BR74: B.E
A75: Repair Rate : | C75: =B80/((72*3.1415/59)*(129.67/3.281)) -> 0 | F75: Repair Rate : | H75: =G80/((72*3.1415/59)*(129.67/3.281)) -> 0 | K75: Repair Rate : | M75: =L80/((72*3.1415/59)*(129.67/3.281)) -> 0 | P75: Repair Rate : | R75: =Q80/((72*3.1415/59)*(129.67/3.281)) -> 0 | U75: Repair Rate : | W75: =V80/((72*3.1415/59)*(129.67/3.281)) -> 0 | Z75: Repair Rate : | AB75: =AA80/((72*3.1415/59)*(129.67/3.281)) -> 0 | AE75: Repair Rate : | AG75: =AF80/((72*3.1415/59)*(129.67/3.281)) -> 0 | AJ75: Repair Rate : | AL75: =AK80/((72*3.1415/59)*(129.67/3.281)) -> 0 | AO75: Repair Rate : | AQ75: =AP80/((72*3.1415/59)*(129.67/3.281)) -> 0 | AT75: Repair Rate : | AV75: =AU80/((72*3.1415/59)*(129.67/3.281)) -> 0 | AY75: Repair Rate : | BA75: =AZ80/((72*3.1415/59)*(129.67/3.281)) -> 0 | BD75: Repair Rate : | BF75: =BE80/((72*3.1415/59)*(129.67/3.281)) -> 0 | BI75: Repair Rate : | BK75: =BJ80/((72*3.1415/59)*(129.67/3.281)) -> 0 | BN75: Repair Rate : | BP75: =BO80/((72*3.1415/59)*(129.67/3.281)) -> 0
A76: COATING | C76: CLUTCH | F76: COATING | H76: CLUTCH | K76: COATING | M76: CLUTCH | P76: COATING | R76: CLUTCH | U76: COATING | W76: CLUTCH | Z76: COATING | AB76: CLUTCH | AE76: COATING | AG76: CLUTCH | AJ76: COATING | AL76: CLUTCH | AO76: COATING | AQ76: CLUTCH | AT76: COATING | AV76: CLUTCH | AY76: COATING | BA76: CLUTCH | BD76: COATING | BF76: CLUTCH | BI76: COATING | BK76: CLUTCH | BN76: COATING | BP76: CLUTCH
A79: 129' 8" ft | F79: 129' 8" ft | K79: 129' 8" ft | P79: 129' 8" ft | U79: 129' 8" ft | Z79: 129' 8" ft | AE79: 129' 8" ft | AJ79: 129' 8" ft | AO79: 129' 8" ft | AT79: 129' 8" ft | AY79: 129' 8" ft | BD79: 129' 8" ft | BI79: 129' 8" ft | BN79: 129' 8" ft
C80: m. | E80: B.E | H80: m. | J80: B.E | M80: m. | O80: B.E | R80: m. | T80: B.E | W80: m. | Y80: B.E | AB80: m. | AD80: B.E | AG80: m. | AI80: B.E | AL80: m. | AN80: B.E | AQ80: m. | AS80: B.E | AV80: m. | AX80: B.E | BA80: m. | BC80: B.E | BF80: m. | BH80: B.E | BK80: m. | BM80: B.E | BP80: m. | BR80: B.E
A81: Repair Rate : | C81: =B86/((72*3.1415/59)*(129.67/3.281)) -> 0 | F81: Repair Rate : | H81: =G86/((72*3.1415/59)*(129.67/3.281)) -> 0 | K81: Repair Rate : | M81: =L86/((72*3.1415/59)*(129.67/3.281)) -> 0 | P81: Repair Rate : | R81: =Q86/((72*3.1415/59)*(129.67/3.281)) -> 0 | U81: Repair Rate : | W81: =V86/((72*3.1415/59)*(129.67/3.281)) -> 0 | Z81: Repair Rate : | AB81: =AA86/((72*3.1415/59)*(129.67/3.281)) -> 0 | AE81: Repair Rate : | AG81: =AF86/((72*3.1415/59)*(129.67/3.281)) -> 0 | AJ81: Repair Rate : | AL81: =AK86/((72*3.1415/59)*(129.67/3.281)) -> 0 | AO81: Repair Rate : | AQ81: =AP86/((72*3.1415/59)*(129.67/3.281)) -> 0 | AT81: Repair Rate : | AV81: =AU86/((72*3.1415/59)*(129.67/3.281)) -> 0 | AY81: Repair Rate : | BA81: =AZ86/((72*3.1415/59)*(129.67/3.281)) -> 0 | BD81: Repair Rate : | BF81: =BE86/((72*3.1415/59)*(129.67/3.281)) -> 0 | BI81: Repair Rate : | BK81: =BJ86/((72*3.1415/59)*(129.67/3.281)) -> 0 | BN81: Repair Rate : | BP81: =BO86/((72*3.1415/59)*(129.67/3.281)) -> 0
A82: COATING | C82: CLUTCH | F82: COATING | H82: CLUTCH | K82: COATING | M82: CLUTCH | P82: COATING | R82: CLUTCH | U82: COATING | W82: CLUTCH | Z82: COATING | AB82: CLUTCH | AE82: COATING | AG82: CLUTCH | AJ82: COATING | AL82: CLUTCH | AO82: COATING | AQ82: CLUTCH | AT82: COATING | AV82: CLUTCH | AY82: COATING | BA82: CLUTCH | BD82: COATING | BF82: CLUTCH | BI82: COATING | BK82: CLUTCH | BN82: COATING | BP82: CLUTCH
A85: 129' 8" ft | F85: 129' 8" ft | K85: 129' 8" ft | P85: 129' 8" ft | U85: 129' 8" ft | Z85: 129' 8" ft | AE85: 129' 8" ft | AJ85: 129' 8" ft | AO85: 129' 8" ft | AT85: 129' 8" ft | AY85: 129' 8" ft | BD85: 129' 8" ft | BI85: 129' 8" ft | BN85: 129' 8" ft
C86: m. | E86: B.E | H86: m. | J86: B.E | M86: m. | O86: B.E | R86: m. | T86: B.E | W86: m. | Y86: B.E | AB86: m. | AD86: B.E | AG86: m. | AI86: B.E | AL86: m. | AN86: B.E | AQ86: m. | AS86: B.E | AV86: m. | AX86: B.E | BA86: m. | BC86: B.E | BF86: m. | BH86: B.E | BK86: m. | BM86: B.E | BP86: m. | BR86: B.E
A87: Repair Rate : | C87: =B92/((72*3.1415/59)*(129.67/3.281)) -> 0 | F87: Repair Rate : | H87: =G92/((72*3.1415/59)*(129.67/3.281)) -> 0 | K87: Repair Rate : | M87: =L92/((72*3.1415/59)*(129.67/3.281)) -> 0 | P87: Repair Rate : | R87: =Q92/((72*3.1415/59)*(129.67/3.281)) -> 0 | U87: Repair Rate : | W87: =V92/((72*3.1415/59)*(129.67/3.281)) -> 0 | Z87: Repair Rate : | AB87: =AA92/((72*3.1415/59)*(129.67/3.281)) -> 0 | AE87: Repair Rate : | AG87: =AF92/((72*3.1415/59)*(129.67/3.281)) -> 0 | AJ87: Repair Rate : | AL87: =AK92/((72*3.1415/59)*(129.67/3.281)) -> 0 | AO87: Repair Rate : | AQ87: =AP92/((72*3.1415/59)*(129.67/3.281)) -> 0 | AT87: Repair Rate : | AV87: =AU92/((72*3.1415/59)*(129.67/3.281)) -> 0 | AY87: Repair Rate : | BA87: =AZ92/((72*3.1415/59)*(129.67/3.281)) -> 0 | BD87: Repair Rate : | BF87: =BE92/((72*3.1415/59)*(129.67/3.281)) -> 0 | BI87: Repair Rate : | BK87: =BJ92/((72*3.1415/59)*(129.67/3.281)) -> 0 | BN87: Repair Rate : | BP87: =BO92/((72*3.1415/59)*(129.67/3.281)) -> 0
A88: COATING | C88: CLUTCH | F88: COATING | H88: CLUTCH | K88: COATING | M88: CLUTCH | P88: COATING | R88: CLUTCH | U88: COATING | W88: CLUTCH | Z88: COATING | AB88: CLUTCH | AE88: COATING | AG88: CLUTCH | AJ88: COATING | AL88: CLUTCH | AO88: COATING | AQ88: CLUTCH | AT88: COATING | AV88: CLUTCH | AY88: COATING | BA88: CLUTCH | BD88: COATING | BF88: CLUTCH | BI88: COATING | BK88: CLUTCH | BN88: COATING | BP88: CLUTCH
A91: 129' 8" ft | F91: 129' 8" ft | K91: 129' 8" ft | P91: 129' 8" ft | U91: 129' 8" ft | Z91: 129' 8" ft | AE91: 129' 8" ft | AJ91: 129' 8" ft | AO91: 129' 8" ft | AT91: 129' 8" ft | AY91: 129' 8" ft | BD91: 129' 8" ft | BI91: 129' 8" ft | BN91: 129' 8" ft
C92: m. | E92: B.E | H92: m. | J92: B.E | M92: m. | O92: B.E | R92: m. | T92: B.E | W92: m. | Y92: B.E | AB92: m. | AD92: B.E | AG92: m. | AI92: B.E | AL92: m. | AN92: B.E | AQ92: m. | AS92: B.E | AV92: m. | AX92: B.E | BA92: m. | BC92: B.E | BF92: m. | BH92: B.E | BK92: m. | BM92: B.E | BP92: m. | BR92: B.E
A93: Repair Rate : | C93: =B98/((72*3.1415/59)*(129.67/3.281)) -> 0 | F93: Repair Rate : | H93: =G98/((72*3.1415/59)*(129.67/3.281)) -> 0 | K93: Repair Rate : | M93: =L98/((72*3.1415/59)*(129.67/3.281)) -> 0 | P93: Repair Rate : | R93: =Q98/((72*3.1415/59)*(129.67/3.281)) -> 0 | U93: Repair Rate : | W93: =V98/((72*3.1415/59)*(129.67/3.281)) -> 0 | Z93: Repair Rate : | AB93: =AA98/((72*3.1415/59)*(129.67/3.281)) -> 0 | AE93: Repair Rate : | AG93: =AF98/((72*3.1415/59)*(129.67/3.281)) -> 0 | AJ93: Repair Rate : | AL93: =AK98/((72*3.1415/59)*(129.67/3.281)) -> 0 | AO93: Repair Rate : | AQ93: =AP98/((72*3.1415/59)*(129.67/3.281)) -> 0 | AT93: Repair Rate : | AV93: =AU98/((72*3.1415/59)*(129.67/3.281)) -> 0 | AY93: Repair Rate : | BA93: =AZ98/((72*3.1415/59)*(129.67/3.281)) -> 0 | BD93: Repair Rate : | BF93: =BE98/((72*3.1415/59)*(129.67/3.281)) -> 0 | BI93: Repair Rate : | BK93: =BJ98/((72*3.1415/59)*(129.67/3.281)) -> 0 | BN93: Repair Rate : | BP93: =BO98/((72*3.1415/59)*(129.67/3.281)) -> 0
A94: COATING | C94: CLUTCH | F94: COATING | H94: CLUTCH | K94: COATING | M94: CLUTCH | P94: COATING | R94: CLUTCH | U94: COATING | W94: CLUTCH | Z94: COATING | AB94: CLUTCH | AE94: COATING | AG94: CLUTCH | AJ94: COATING | AL94: CLUTCH | AO94: COATING | AQ94: CLUTCH | AT94: COATING | AV94: CLUTCH | AY94: COATING | BA94: CLUTCH | BD94: COATING | BF94: CLUTCH | BI94: COATING | BK94: CLUTCH | BN94: COATING | BP94: CLUTCH
A97: 129' 8" ft | F97: 129' 8" ft | K97: 129' 8" ft | P97: 129' 8" ft | U97: 129' 8" ft | Z97: 129' 8" ft | AE97: 129' 8" ft | AJ97: 129' 8" ft | AO97: 129' 8" ft | AT97: 129' 8" ft | AY97: 129' 8" ft | BD97: 129' 8" ft | BI97: 129' 8" ft | BN97: 129' 8" ft
C98: m. | E98: B.E | H98: m. | J98: B.E | M98: m. | O98: B.E | R98: m. | T98: B.E | W98: m. | Y98: B.E | AB98: m. | AD98: B.E | AG98: m. | AI98: B.E | AL98: m. | AN98: B.E | AQ98: m. | AS98: B.E | AV98: m. | AX98: B.E | BA98: m. | BC98: B.E | BF98: m. | BH98: B.E | BK98: m. | BM98: B.E | BP98: m. | BR98: B.E
A99: Repair Rate : | C99: =B104/((72*3.1415/59)*(129.67/3.281)) -> 0 | F99: Repair Rate : | H99: =G104/((72*3.1415/59)*(129.67/3.281)) -> 0 | K99: Repair Rate : | M99: =L104/((72*3.1415/59)*(129.67/3.281)) -> 0 | P99: Repair Rate : | R99: =Q104/((72*3.1415/59)*(129.67/3.281)) -> 0 | U99: Repair Rate : | W99: =V104/((72*3.1415/59)*(129.67/3.281)) -> 0 | Z99: Repair Rate : | AB99: =AA104/((72*3.1415/59)*(129.67/3.281)) -> 0 | AE99: Repair Rate : | AG99: =AF104/((72*3.1415/59)*(129.67/3.281)) -> 0 | AJ99: Repair Rate : | AL99: =AK104/((72*3.1415/59)*(129.67/3.281)) -> 0 | AO99: Repair Rate : | AQ99: =AP104/((72*3.1415/59)*(129.67/3.281)) -> 0 | AT99: Repair Rate : | AV99: =AU104/((72*3.1415/59)*(129.67/3.281)) -> 0 | AY99: Repair Rate : | BA99: =AZ104/((72*3.1415/59)*(129.67/3.281)) -> 0 | BD99: Repair Rate : | BF99: =BE104/((72*3.1415/59)*(129.67/3.281)) -> 0 | BI99: Repair Rate : | BK99: =BJ104/((72*3.1415/59)*(129.67/3.281)) -> 0 | BN99: Repair Rate : | BP99: =BO104/((72*3.1415/59)*(129.67/3.281)) -> 0
A100: COATING | C100: CLUTCH | F100: COATING | H100: CLUTCH | K100: COATING | M100: CLUTCH | P100: COATING | R100: CLUTCH | U100: COATING | W100: CLUTCH | Z100: COATING | AB100: CLUTCH | AE100: COATING | AG100: CLUTCH | AJ100: COATING | AL100: CLUTCH | AO100: COATING | AQ100: CLUTCH | AT100: COATING | AV100: CLUTCH | AY100: COATING | BA100: CLUTCH | BD100: COATING | BF100: CLUTCH | BI100: COATING | BK100: CLUTCH | BN100: COATING | BP100: CLUTCH
A103: 129' 8" ft | F103: 129' 8" ft | K103: 129' 8" ft | P103: 129' 8" ft | U103: 129' 8" ft | Z103: 129' 8" ft | AE103: 129' 8" ft | AJ103: 129' 8" ft | AO103: 129' 8" ft | AT103: 129' 8" ft | AY103: 129' 8" ft | BD103: 129' 8" ft | BI103: 129' 8" ft | BN103: 129' 8" ft
C104: m. | E104: B.E | H104: m. | J104: B.E | M104: m. | O104: B.E | R104: m. | T104: B.E | W104: m. | Y104: B.E | AB104: m. | AD104: B.E | AG104: m. | AI104: B.E | AL104: m. | AN104: B.E | AQ104: m. | AS104: B.E | AV104: m. | AX104: B.E | BA104: m. | BC104: B.E | BF104: m. | BH104: B.E | BK104: m. | BM104: B.E | BP104: m. | BR104: B.E
A105: Repair Rate : | C105: =B110/((72*3.1415/59)*(129.67/3.281)) -> 0 | F105: Repair Rate : | H105: =G110/((72*3.1415/59)*(129.67/3.281)) -> 0 | K105: Repair Rate : | M105: =L110/((72*3.1415/59)*(129.67/3.281)) -> 0 | P105: Repair Rate : | R105: =Q110/((72*3.1415/59)*(129.67/3.281)) -> 0 | U105: Repair Rate : | W105: =V110/((72*3.1415/59)*(129.67/3.281)) -> 0 | Z105: Repair Rate : | AB105: =AA110/((72*3.1415/59)*(129.67/3.281)) -> 0 | AE105: Repair Rate : | AG105: =AF110/((72*3.1415/59)*(129.67/3.281)) -> 0 | AJ105: Repair Rate : | AL105: =AK110/((72*3.1415/59)*(129.67/3.281)) -> 0 | AO105: Repair Rate : | AQ105: =AP110/((72*3.1415/59)*(129.67/3.281)) -> 0 | AT105: Repair Rate : | AV105: =AU110/((72*3.1415/59)*(129.67/3.281)) -> 0 | AY105: Repair Rate : | BA105: =AZ110/((72*3.1415/59)*(129.67/3.281)) -> 0 | BD105: Repair Rate : | BF105: =BE110/((72*3.1415/59)*(129.67/3.281)) -> 0 | BI105: Repair Rate : | BK105: =BJ110/((72*3.1415/59)*(129.67/3.281)) -> 0 | BN105: Repair Rate : | BP105: =BO110/((72*3.1415/59)*(129.67/3.281)) -> 0
A106: COATING | C106: CLUTCH | F106: COATING | H106: CLUTCH | K106: COATING | M106: CLUTCH | P106: COATING | R106: CLUTCH | U106: COATING | W106: CLUTCH | Z106: COATING | AB106: CLUTCH | AE106: COATING | AG106: CLUTCH | AJ106: COATING | AL106: CLUTCH | AO106: COATING | AQ106: CLUTCH | AT106: COATING | AV106: CLUTCH | AY106: COATING | BA106: CLUTCH | BD106: COATING | BF106: CLUTCH | BI106: COATING | BK106: CLUTCH | BN106: COATING | BP106: CLUTCH
A109: 129' 8" ft | F109: 129' 8" ft | K109: 129' 8" ft | P109: 129' 8" ft | U109: 129' 8" ft | Z109: 129' 8" ft | AE109: 129' 8" ft | AJ109: 129' 8" ft | AO109: 129' 8" ft | AT109: 129' 8" ft | AY109: 129' 8" ft | BD109: 129' 8" ft | BI109: 129' 8" ft | BN109: 129' 8" ft
C110: m. | E110: B.E | H110: m. | J110: B.E | M110: m. | O110: B.E | R110: m. | T110: B.E | W110: m. | Y110: B.E | AB110: m. | AD110: B.E | AG110: m. | AI110: B.E | AL110: m. | AN110: B.E | AQ110: m. | AS110: B.E | AV110: m. | AX110: B.E | BA110: m. | BC110: B.E | BF110: m. | BH110: B.E | BK110: m. | BM110: B.E | BP110: m. | BR110: B.E
A111: Repair Rate : | C111: =B116/((72*3.1415/59)*(129.67/3.281)) -> 0 | F111: Repair Rate : | H111: =G116/((72*3.1415/59)*(129.67/3.281)) -> 0
A112: COATING | C112: CLUTCH | F112: COATING | H112: CLUTCH
A115: 129' 8" ft | F115: 129' 8" ft
C116: m. | E116: B.E | H116: m. | J116: B.E
G124: {=SUM(COUNTIF(INDIRECT({"B6","G6","L6","Q6","V6","AA6","AF6","AK6","AP6","AU6","AZ6","BE6","BJ6","BO6","B12","G12","L12","Q12","V12","AA12","AF12","AK12","AP12","AU12","AZ12","BE12","BJ12","BO12","B18","G18","L18","Q18","V18","AA18","AF18","AK18","AP18","AU18","AZ18","BE18","BJ18","BO18","B24","G24","L24","Q24","V24","AA24","AF24","AK24","AP24","AU24","AZ24","BE24","BJ24","BO24","B30","G30","L30","Q30","V30","AA30","AF30","AK30","AP30","AU30","AZ30","BE30","BJ30","BO30","B36","G36","L36","Q36","V36","AA36","AF36","AK36","AP36","AU36","AZ36","BE36","BJ36","BO36","B42","G42","L42","Q42","V42","AA42","AF42","AK42","AP42","AU42","AZ42","BE42","BJ42","BO42","B48","G48","L48","Q48","V48","AA48","AF48","AK48","AP48","AU48","AZ48","BE48","BJ48","BO48","B67","G67","L67","Q67","V67","AA67","AF67","AK67","AP67","AU67","AZ67","BE67","BJ67","BO67","B73","G73","L73","Q73","V73","AA73","AF73","AK73","AP73","AU73","AZ73","BE73","BJ73","BO73","B79","G79","L79","Q79","V79","AA79","AF79","AK79","AP79","AU79","AZ79","BE79","BJ79","BO79","B85","G85","L85","Q85","V85","AA85","AF85","AK85","AP85","AU85","AZ85","BE85","BJ85","BO85","B91","G91","L91","Q91","V91","AA91","AF91","AK91","AP91","AU91","AZ91","BE91","BJ91","BO91","B97","G97","L97","Q97","V97","AA97","AF97","AK97","AP97","AU97","AZ97","BE97","BJ97","BO97","B103","G103","L103","Q103","V103","AA103"}),">0"))} -> 108 | X124: PREV. REPAIRED PIPE no.s | AJ124: DAILY REPAIR AMOUNT (METER) | AU124: Total Repair Amount (Meter) | BG124: Total RepAIRED B.E. QTY. (Meter) | BL124: =D7+I7+N7+S7+X7+AH7+AM7+AR7+AW7+BB7+BG7+BL7+BQ7+D13+I13+N13+S13+X13+AC13+AH13+AM13+AR13+AW13+BB13+BG13+BL13+BQ13+D19+I19+N19+S19+X19+AC19+AH19+AM19+AR19+AW19+BB19+BG19+BL19+BQ19+D25+I25+N25+S25+X25+AC25+AH25+AM25+AR25+AW25+BB25+BG25+BL25+D31+I31+BQ25+N31+S31+X31+AC31+AH31+AM31+AR31+AW31+BB31+BG31+BL31+BQ31+BQ37+BL37+BG37+BB37+AW37+AR37+AM37+AH37+AC37+X37+S37+N37+I37+D37+D43+I43+N43+S43+X43+AC43+AH43+AM43+AR43+AW43+BB43+BG43+BL43+BQ43+BQ49+BL49+BG49+BB49+AW49+AR49+AM49+AH49+AC49+X49+S49+N49+I49+D49+D68+I68+N68+S68+X68+AC68+AH68+AM68+AR68+AW68+BB68+BG68+BL68+BQ68+BQ74+BL74+BG74+BB74+AW74+AR74+AM74+AH74+AC74+X74+S74+N74+I74+D74+D80+I80+N80+S80+X80+AC80+AH80+AM80+AR80+AW80+BB80+BG80+BL80+BQ80+BQ86+BL86+BG86+BB86+AW86+AR98+AW98+BB98+BG98+BL98+BQ98+D104+I104++AR86+AM86+AH86+AC86+X86+S86+N86+I86+D86+D92+I92+N92+S92+X92+AC92+AH92+AM92+AR92+AW92+BB92+BG92+BL92+BQ92+AM98+AH98+AC98+X98+S98+N98+I98+D98+N104+S104+X104+AC104+AC7 -> 183 | BP124: B.E.
G127: {=SUM(COUNTIF(INDIRECT({"B7","G7","L7","Q7","V7","AA7","AF7","AK7","AP7","AU7","AZ7","BE7","BJ7","BO7","B13","G13","L13","Q13","V13","AA13","AF13","AK13","AP13","AU13","AZ13","BE13","BJ13","BO13","B19","G19","L19","Q19","V19","AA19","AF19","AK19","AP19","AU19","AZ19","BE19","BJ19","BO19","B25","G25","L25","Q25","V25","AA25","AF25","AK25","AP25","AU25","AZ25","BE25","BJ25","BO25","B31","G31","L31","Q31","V31","AA31","AF31","AK31","AP31","AU31","AZ31","BE31","BJ31","BO31","B37","G37","L37","Q37","V37","AA37","AF37","AK37","AP37","AU37","AZ37","BE37","BJ37","BO37","B43","G43","L43","Q43","V43","AA43","AF43","AK43","AP43","AU43","AZ43","BE43","BJ43","BO43","B49","G49","L49","Q49","V49","AA49","AF49","AK49","AP49","AU49","AZ49","BE49","BJ49","BO49","B68","G68","L68","Q68","V68","AA68","AF68","AK68","AP68","AU68","AZ68","BE68","BJ68","BO68","B74","G74","L74","Q74","V74","AA74","AF74","AK74","AP74","AU74","AZ74","BE74","BJ74","BO74","B80","G80","L80","Q80","V80","AA80","AF80","AK80","AP80","AU80","AZ80","BE80","BJ80","BO80","B86","G86","L86","Q86","V86","AA86","AF86","AK86","AP86","AU86","AZ86","BE86","BJ86","BO86","B92","G92","L92","Q92","V92","AA92","AF92","AK92","AP92","AU92","AZ92","BE92","BJ92","BO92","B98","G98","L98","Q98","V98","AA98","AF98","AK98","AP98","AU98","AZ98","BE98","BJ98","BO98","B104","G104","L104","Q104","V104","AA104"}),">0"))} -> 108
AJ128: =AU128-Z140 -> 0 | AU128: =B7+G7+L7+Q7+V7+AA7+AF7+AK7+AP7+AU7+AZ7+BE7+BJ7+BO7+BO13+BJ13+BE13+AZ13+AU13+AP13+AK13+AF13+AA13+V13+Q13+L13+G13+B13+B19+G19+L19+Q19+V19+AA19+AF19+AK19+AP19+AU19+AZ19+BE19+BJ19+BO19+BO25+BJ25+BE25+AZ25+AU25+AP25+AK25+AF25+AA25+V25+Q25+L25+G25+B31+B25+G31+L31+Q31+V31+AA31+AF31+AK31+AP31+AU31+AZ31+BE31+BJ31+BO31+BO37+BJ37+BE37+AZ37+AU37+AP37+AK37+AF37+AA37+V37+Q37+L37+G37+B37+B43+G43+L43+Q43+V43+AA43+AF43+AK43+AP43+AU43+AZ43+BE43+BJ43+BO43+BO49+BJ49+BE49+AZ49+AU49+AP49+AK49+AF49+AA49+V49+Q49+L49+G49+B49+B68+G68+L68+Q68+V68+AA68+AF68+AK68+AP68+AU68+AZ68+BE68+BJ68+BO68+BO74+BJ74+BE74+AZ74+AU74+AP74+AK74+AF74+AA74+V74+Q74+L74+G74+B74+B80+G80+L80+Q80+V80+AA80+AF80+AK80+AP80+AU80+AZ80+BE80+BJ80+BO80+BO86+BJ86+BE86+AZ86+AU86+AP86+AK86+AF86+AA86+V86+Q86+L86+G86+B86+B92+G92+L92+Q92+V92+AA92+AF92+AK92+AP92+AU92+AZ92+BE92+BJ92+BO92+B98+G98+L98+Q98+V98+AA98+AF98+AK98+AP98+AU98+AZ98+BE98+BJ98+BO98+B104+G104+L104+Q104+V104+AA104 -> 477.3844 | BL128: =BL124*1.5 -> 274.5
G130: 107
G132: 105 | BL132: meter
G133: 105
AJ138: 129.67 | AM138: {=SUM(COUNTIF(INDIRECT({"B7","G7","L7","Q7","V7","AA7","AF7","AK7","AP7","AU7","AZ7","BE7","BJ7","BO7","B13","G13","L13","Q13","V13","AA13","AF13","AK13","AP13","AU13","AZ13","BE13","BJ13","BO13","B19","G19","L19","Q19","V19","AA19","AF19","AK19","AP19","AU19","AZ19","BE19","BJ19","BO19","B25","G25","L25","Q25","V25","AA25","AF25","AK25","AP25","AU25","AZ25","BE25","BJ25","BO25","B31","G31","L31","Q31","V31","AA31","AF31","AK31","AP31","AU31","AZ31","BE31","BJ31","BO31","B37","G37","L37","Q37","V37","AA37","AF37","AK37","AP37","AU37","AZ37","BE37","BJ37","BO37","B43","G43","L43","Q43","V43","AA43","AF43","AK43","AP43","AU43","AZ43","BE43","BJ43","BO43","B49","G49","L49","Q49","V49","AA49","AF49","AK49","AP49","AU49","AZ49","BE49","BJ49","BO49","B68","G68","L68","Q68","V68","AA68","AF68","AK68","AP68","AU68","AZ68","BE68","BJ68","BO68","B74","G74","L74","Q74","V74","AA74","AF74","AK74","AP74","AU74","AZ74","BE74","BJ74","BO74","B80","G80","L80","Q80","V80","AA80","AF80","AK80","AP80","AU80","AZ80","BE80","BJ80","BO80","B86","G86","L86","Q86","V86","AA86","AF86","AK86","AP86","AU86","AZ86","BE86","BJ86","BO86","B92","G92","L92","Q92","V92","AA92","AF92","AK92","AP92","AU92","AZ92","BE92","BJ92","BO92","B98","G98","L98","Q98","V98","AA98","AF98","AK98","AP98","AU98","AZ98","BE98","BJ98","BO98","B104","G104","L104","Q104","V104","AA104"}),">0"))} -> 108 | AP138: =AM138*AJ138 -> 14004.36
Z140: 477.3844
BW147: TOTAL REP. RATIO FOR P 1& P 2
BK150: TOT. LENGTH (ft) | BN150: REP. PIPE TOT. LENGTH (ft) | BQ150: TOT. REP. (mt) | BS150: TOT. REP. W/ B.E. (mt) | BW150: REP. RATIO (%)
BK153: 14004.36 | BN153: =AK162 -> 14004.36 | BQ153: =AU128 -> 477.3844 | BS153: =BL128+BQ153 -> 751.8844 | BW153: (Total Tamir mt.)/[(Dx3.1415/W)(Total Length mt.)
BW155: =BQ153/((72*3.1415/59)*(BN153/3.281)) -> 0.029173843
BW158: REP. RATIO W/ B.E. (%)
BW160: (Total Tamir w/B.E. mt.)/[(Dx3.1415/W)(Total Length mt.)
AK162: =AP138+AP141+AP144+AP147+AP150+AP153+AP156+AP159 -> 14004.36
BW164: =BS153/((72*3.1415/59)*(BN153/3.281)) -> 0.045949045

Sheet 10-108 (84xx)
F2: Repair Rate : | I2: =G7/((84*3.1415/59)*(42.5/3.281)) -> 0.037265384 | K2: Repair Rate : | N2: =L7/((84*3.1415/59)*(42.5/3.281)) -> 1.7260484e-16 | P2: Repair Rate : | S2: =Q7/((84*3.1415/59)*(35/3.281)) -> 2.0959159e-12 | U2: Repair Rate : | X2: =V7/((84*3.1415/59)*(35/3.281)) -> 0.0063883516 | AJ2: Repair Rate : | AM2: =AK7/((84*3.1415/59)*(40/3.281)) -> 1.8339264e-12 | AO2: Repair Rate : | AR2: =AP7/((84*3.1415/59)*(40/3.281)) -> 1.8339264e-12
F3: BARE | K3: COATED | P3: COATED | U3: BARE | AJ3: BARE | AO3: COATED
F6: 42.5 feet | G6: 21 | K6: 42.5 feet | L6: 22 | P6: 35 feet | Q6: 19 | U6: 35 feet | V6: 20 | AJ6: 40 feet | AK6: 17 | AO6: 40 feet | AP6: 18
G7: 2.159 | H7: m. | I7: 1 | J7: B.E | L7: 1e-14 | M7: m. | O7: B.E | Q7: 1e-10 | R7: m. | T7: B.E | V7: 0.3048 | W7: m. | Y7: B.E | AK7: 1e-10 | AL7: m. | AN7: B.E | AP7: 1e-10 | AQ7: m. | AS7: B.E
F8: 1 Coated with Bevel 1 Bare (SQ x SQ) | P8: 1 Coated with Bevel 1 Bare (SQ x SQ) | AJ8: 1 Coated with Bevel 1 Bare (SQ x SQ)
A14: Repair Rate : | D14: =B19/((42*3.1415/59)*(30/3.281)) -> 0
A15: Beveling
A18: 30 feet
C19: m. | E19: B.E
H32: 6 | Q32: PREV. REPAIRED PIPE NO.S | X32: Total Repair Amount (Meter) | AC32: =G7+L7+Q7+V7+AK7+AP7 -> 2.4638 | AJ32: Total RepAIRED B.E. QTY. (Meter) | AO32: =AM7+N7+S7+X7+I7+AR7 -> 1 | AT32: B.E.
AO34: =AO32*1.5 -> 1.5 | AV34: meter
H35: 6 | Q35: -
X37: DAILY REPAIR AMOUNT (METER) | AC37: =AC32-AD45 -> 0.0038000003
AD45: 2.46 | AL45: TOT. LENGTH (ft) | AO45: REP. PIPE TOT. LENGTH (ft) | AR45: TOT. REP. (mt) | AT45: TOT. REP. W/ B.E. (mt) | AY45: REP. RATIO (%)
AL48: 235 | AO48: =AT70 -> 235 | AR48: =AC32 -> 2.4638 | AT48: =AC32+AO34 -> 3.9638 | AY48: (Total Tamir mt.)/[(Dx3.1415/W)(Total Length mt.)
AY50: =AR48/((84*3.1415/59)*(AO48/3.281)) -> 0.007690941
AY53: REP. RATIO W/ B.E. (%)
AN55: 42.5 | AQ55: 2 | AT55: =AQ55*AN55 -> 85 | AY55: (Total Tamir w/B.E. mt.)/[(Dx3.1415/W)(Total Length mt.)
AN58: 40 | AQ58: 2 | AT58: =AQ58*AN58 -> 80
AY59: =AT48/((84*3.1415/59)*(AO48/3.281)) -> 0.012373306
AN61: 35 | AQ61: 2 | AT61: =AQ61*AN61 -> 70
AQ70: =AQ55+AQ58+AQ61+AQ64+AQ67 -> 6 | AT70: =AT55+AT58+AT61+AT64+AT67 -> 235

Sheet 10-108 (90xx)
A2: Repair Rate : | D2: =B7/((90*3.1415/59)*(37.5/3.281)) -> 0.038954748 | F2: Repair Rate : | I2: =G7/((90*3.1415/59)*(37.5/3.281)) -> 1.8257756e-13 | K2: Repair Rate : | N2: =L7/((90*3.1415/59)*(37.5/3.281)) -> 0.00463747 | P2: Repair Rate : | S2: =Q7/((90*3.1415/59)*(37.5/3.281)) -> 0.034306324 | U2: Repair Rate : | X2: =V7/((90*3.1415/59)*(45/3.281)) -> 0.30799313 | Z2: Repair Rate : | AC2: =AA7/((90*3.1415/59)*(45/3.281)) -> 0.0030886037 | AE2: Repair Rate : | AH2: =AF7/((90*3.1415/59)*(45/3.281)) -> 0.0069562051 | AJ2: Repair Rate : | AM2: =AK7/((90*3.1415/59)*(45/3.281)) -> 0.11941485 | AO2: Repair Rate : | AR2: =AP7/((90*3.1415/59)*(40/3.281)) -> 1.7116646e-12 | AT2: Repair Rate : | AW2: =AU7/((90*3.1415/59)*(40/3.281)) -> 0.053910589
A3: BARE | F3: COATED | K3: COATED | P3: BARE | U3: BARE | Z3: COATED | AE3: COATED | AJ3: BARE | AO3: COATED | AT3: BARE
A6: 37.5 feet | B6: 7 | F6: 37.5 feet | G6: 8 | K6: 37.5 feet | L6: 9 | P6: 37.5 feet | Q6: 10 | U6: 45 feet | V6: 1 | Z6: 45 feet | AA6: 2 | AE6: 45 feet | AF6: 5 | AJ6: 45 feet | AK6: 6 | AO6: 40 feet | AP6: 3 | AT6: 40 feet | AU6: 4
B7: 2.1336 | C7: m. | E7: B.E | G7: 1e-11 | H7: m. | J7: B.E | L7: 0.254 | M7: m. | O7: B.E | Q7: 1.879 | R7: m. | S7: 1 | T7: B.E | V7: 20.243 | W7: m. | X7: 1 | Y7: B.E | AA7: 0.203 | AB7: m. | AD7: B.E | AF7: 0.4572 | AG7: m. | AI7: B.E | AK7: 7.8486 | AL7: m. | AM7: 1 | AN7: B.E | AP7: 1e-10 | AQ7: m. | AS7: B.E | AU7: 3.1496 | AV7: m. | AW7: 1 | AX7: B.E
A8: 2 Coated with Bevel 2 Bare (SQ x SQ) | U8: 3 Coated with Bevel 3 Bare (SQ x SQ)
U12: Repair Rate : | X12: =V17/((90*3.1415/59)*(45/3.281)) -> 0.030143555 | Z12: Repair Rate : | AC12: =AA17/((90*3.1415/59)*(45/3.281)) -> 0.025892541
U13: COATED | Z13: BARE
U16: 45 feet | V16: 11 | Z16: 45 feet | AA16: 12
V17: 1.9812 | W17: m. | Y17: B.E | AA17: 1.7018 | AB17: m. | AC17: 1 | AD17: B.E
U18: 1 Coated with Bevel 1 Bare (SQ x SQ)
H32: 12 | Q32: PREV. REPAIRED PIPE NO.S | X32: Total Repair Amount (Meter) | AC32: =G7+L7+Q7+B7+AK7+AP7+V7+AA7+AF7+AU7+V17+AA17 -> 39.851 | AJ32: Total RepAIRED B.E. QTY. (Meter) | AO32: =AM7+N7+S7+D7+I7+AR7+X7+AC7+AH7+AW7+X17+AC17 -> 5 | AT32: B.E.
AO34: =AO32*1.5 -> 7.5 | AV34: meter
H35: 12 | Q35: -
X37: DAILY REPAIR AMOUNT (METER) | AC37: =AC32-AD45 -> -0.049
AD45: 39.9 | AL45: TOT. LENGTH (ft) | AO45: REP. PIPE TOT. LENGTH (ft) | AR45: TOT. REP. (mt) | AT45: TOT. REP. W/ B.E. (mt) | AY45: REP. RATIO (%)
AL48: 500 | AO48: =AT70 -> 500 | AR48: =AC32 -> 39.851 | AT48: =AC32+AO34 -> 47.351 | AY48: (Total Tamir mt.)/[(Dx3.1415/W)(Total Length mt.)
AY50: =AR48/((84*3.1415/59)*(AO48/3.281)) -> 0.058467041
AY53: REP. RATIO W/ B.E. (%)
AN55: 45 | AQ55: 6 | AT55: =AQ55*AN55 -> 270 | AY55: (Total Tamir w/B.E. mt.)/[(Dx3.1415/W)(Total Length mt.)
AN58: 40 | AQ58: 2 | AT58: =AQ58*AN58 -> 80
AY59: =AT48/((84*3.1415/59)*(AO48/3.281)) -> 0.069470599
AN61: 37.5 | AQ61: 4 | AT61: =AQ61*AN61 -> 150
AQ70: =AQ55+AQ58+AQ61+AQ64+AQ67 -> 12 | AT70: =AT55+AT58+AT61+AT64+AT67 -> 500

Sheet 11-111(90XX)
A2: Repair Rate : | C2: =B7/((90*3.1415/59)*(42.5/3.281)) -> 0.0040918853 | F2: Repair Rate : | H2: =G7/((90*3.1415/59)*(42.5/3.281)) -> 0.0032735083 | K2: Repair Rate : | M2: =L7/((90*3.1415/59)*(42.5/3.281)) -> 0.0020459427 | P2: Repair Rate : | R2: =Q7/((90*3.1415/59)*(42.5/3.281)) -> 1.6109785e-16 | U2: Repair Rate : | W2: =V7/((90*3.1415/59)*(42.5/3.281)) -> 0.067925297 | Z2: Repair Rate : | AB2: =AA7/((90*3.1415/59)*(42.5/3.281)) -> 0.0028643197 | AE2: Repair Rate : | AG2: =AF7/((90*3.1415/59)*(45/3.281)) -> 1.5214797e-16 | AJ2: Repair Rate : | AL2: =AK7/((90*3.1415/59)*(45/3.281)) -> 0.025892541 | AO2: Repair Rate : | AQ2: =AP7/((90*3.1415/59)*(45/3.281)) -> 1.5214797e-18 | AT2: Repair Rate : | AV2: =AU7/((90*3.1415/59)*(45/3.281)) -> 1.5214797e-12 | AY2: Repair Rate : | BA2: =AZ7/((90*3.1415/59)*(45/3.281)) -> 1.5214797e-12 | BD2: Repair Rate : | BF2: =BE7/((90*3.1415/59)*(45/3.281)) -> 1.5214797e-14 | BI2: Repair Rate : | BK2: =BJ7/((90*3.1415/59)*(45/3.281)) -> 0.0038645584 | BN2: Repair Rate : | BP2: =BO7/((90*3.1415/59)*(45/3.281)) -> 1.5214797e-17
A4: COATED | F4: COATED | K4: BARE | P4: BARE | U4: BARE | Z4: COATED | AE4: COATED | AJ4: BARE | AO4: COATED | AT4: COATED | AY4: COATED | BD4: BARE | BI4: COATED | BN4: BARE
A6: 42.5 ft | B6: 1 | F6: 42.5 ft | G6: 2 | K6: 42.5 ft | L6: 3 | P6: 42.5 ft | Q6: 4 | U6: 42.5 ft | V6: 5 | Z6: 42.5 ft | AA6: 6 | AE6: 45 ft | AF6: 7 | AJ6: 45 ft | AK6: 9 | AO6: 45 ft | AP6: 10 | AT6: 45 ft | AU6: 11 | AY6: 45 ft | AZ6: 12 | BD6: 45 ft | BE6: 13 | BI6: 45 ft | BJ6: 14 | BN6: 45 ft | BO6: 15
B7: 0.254 | C7: m. | E7: B.E | G7: 0.2032 | H7: m. | J7: B.E | L7: 0.127 | M7: m. | N7: 1 | O7: B.E | Q7: 1e-14 | R7: m. | T7: B.E | V7: 4.2164 | W7: m. | Y7: B.E | AA7: 0.1778 | AB7: m. | AC7: 1 | AD7: B.E | AF7: 1e-14 | AG7: m. | AI7: B.E | AK7: 1.7018 | AL7: m. | AN7: B.E | AP7: 1e-16 | AQ7: m. | AS7: B.E | AU7: 1e-10 | AV7: m. | AW7: 1 | AX7: B.E | AZ7: 1e-10 | BA7: m. | BC7: B.E | BE7: 1e-12 | BF7: m. | BH7: B.E | BJ7: 0.254 | BK7: m. | BL7: 1 | BM7: B.E | BO7: 1e-15 | BP7: m. | BR7: B.E
A8: Repair Rate : | C8: =B13/((90*3.1415/59)*(45/3.281)) -> 0.0019322792 | F8: Repair Rate : | H8: =G13/((90*3.1415/59)*(55/3.281)) -> 1.244847e-15 | K8: Repair Rate : | M8: =L13/((90*3.1415/59)*(55/3.281)) -> 1.244847e-22 | P8: Repair Rate : | R8: =Q13/((90*3.1415/59)*(55/3.281)) -> 0.017706704 | U8: Repair Rate : | W8: =V13/((90*3.1415/59)*(55/3.281)) -> 0.092011622 | Z8: Repair Rate : | AB8: =AA13/((90*3.1415/59)*(55/3.281)) -> 1.244847e-16 | AE8: Repair Rate : | AG8: =AF13/((90*3.1415/59)*(55/3.281)) -> 0.016755641 | AJ8: Repair Rate : | AL8: =AK13/((90*3.1415/59)*(60/3.281)) -> 1.1411098e-15 | AO8: Repair Rate : | AQ8: =AP13/((90*3.1415/59)*(60/3.281)) -> 1.1411098e-14 | AT8: Repair Rate : | AV8: =AU13/((90*3.1415/59)*(60/3.281)) -> 0.0034781025 | AY8: Repair Rate : | BA8: =AZ13/((90*3.1415/59)*(60/3.281)) -> 1.1411098e-10 | BD8: Repair Rate : | BF8: =BE13/((90*3.1415/59)*(60/3.281)) -> 0.0095624997 | BI8: Repair Rate : | BK8: =BJ13/((90*3.1415/59)*(60/3.281)) -> 1.1411098e-12 | BN8: Repair Rate : | BP8: =BO13/((90*3.1415/59)*(65/3.281)) -> 0.023008986
A10: COATED | F10: COATED | K10: COATED | P10: COATED | U10: COATED | Z10: COATED | AE10: COATED | AJ10: COATED | AO10: COATED | AT10: COATED | AY10: COATED | BD10: COATED | BI10: COATED | BN10: COATED
A12: 45 ft | B12: 17 | F12: 55 ft | G12: 8 | K12: 55 ft | L12: 16 | P12: 55 ft | Q12: 18 | U12: 55 ft | V12: 19 | Z12: 55 ft | AA12: 20 | AE12: 55 ft | AF12: 21 | AJ12: 60 ft | AK12: 22 | AO12: 60 ft | AP12: 23 | AT12: 60 ft | AU12: 24 | AY12: 60 ft | AZ12: 26 | BD12: 60 ft | BE12: 28 | BI12: 60 ft | BJ12: 29 | BN12: 65 ft | BO12: 27
B13: 0.127 | C13: m. | E13: B.E | G13: 1e-13 | H13: m. | I13: 1 | J13: B.E | L13: 1e-20 | M13: m. | N13: 1 | O13: B.E | Q13: 1.4224 | R13: m. | T13: B.E | V13: 7.3914 | W13: m. | X13: 1 | Y13: B.E | AA13: 1e-14 | AB13: m. | AD13: B.E | AF13: 1.346 | AG13: m. | AH13: 1 | AI13: B.E | AK13: 1e-13 | AL13: m. | AN13: B.E | AP13: 1e-12 | AQ13: m. | AR13: 1 | AS13: B.E | AU13: 0.3048 | AV13: m. | AX13: B.E | AZ13: 1e-08 | BA13: m. | BC13: B.E | BE13: 0.838 | BF13: m. | BH13: B.E | BJ13: 1e-10 | BK13: m. | BL13: 1 | BM13: B.E | BO13: 2.1844 | BP13: m. | BQ13: 1 | BR13: B.E
A14: Repair Rate : | C14: =B19/((90*3.1415/59)*(65/3.281)) -> 0.0045482879 | F14: Repair Rate : | H14: =G19/((90*3.1415/59)*(65/3.281)) -> 0.0048158343 | K14: Repair Rate : | M14: =L19/((90*3.1415/59)*(70/3.281)) -> 9.7809408e-19 | P14: Repair Rate : | R14: =Q19/((90*3.1415/59)*(70/3.281)) -> 9.7809408e-14 | U14: Repair Rate : | W14: =V19/((90*3.1415/59)*(70/3.281)) -> 0.029067
A16: COATED | F16: COATED | K16: COATED | P16: COATED | U16: COATED | AJ16: #VALUE!
A18: 65 ft | B18: 30 | F18: 65 ft | G18: 31 | K18: 70 ft | L18: 25 | P18: 70 ft | Q18: 32 | U18: 70 ft | V18: 33
B19: 0.4318 | C19: m. | E19: B.E | G19: 0.4572 | H19: m. | I19: 1 | J19: B.E | L19: 1e-16 | M19: m. | N19: 1 | O19: B.E | Q19: 1e-11 | R19: m. | T19: B.E | V19: 2.9718 | W19: m. | X19: 1 | Y19: B.E
A26: Repair Rate : | C26: =B31/((90*3.1415/59)*(42.5/3.281)) -> 1.6109785e-09 | F26: Repair Rate : | H26: =G31/((90*3.1415/59)*(42.5/3.281)) -> 0.045829116 | K26: Repair Rate : | M26: =L31/((90*3.1415/59)*(42.5/3.281)) -> 0.01391241 | P26: Repair Rate : | R26: =Q31/((90*3.1415/59)*(42.5/3.281)) -> 0.14894463 | U26: Repair Rate : | W26: =V31/((90*3.1415/59)*(42.5/3.281)) -> 0.0065470165 | Z26: Repair Rate : | AB26: =AA31/((90*3.1415/59)*(42.5/3.281)) -> 0.085929592 | AE26: Repair Rate : | AG26: =AF31/((90*3.1415/59)*(45/3.281)) -> 0.0057968376 | AJ26: Repair Rate : | AL26: =AK31/((90*3.1415/59)*(45/3.281)) -> 0.083474461 | AO26: Repair Rate : | AQ26: =AP31/((90*3.1415/59)*(45/3.281)) -> 0.0034781025 | AT26: Repair Rate : | AV26: =AU31/((90*3.1415/59)*(45/3.281)) -> 0.055263185 | AY26: Repair Rate : | BA26: =AZ31/((90*3.1415/59)*(45/3.281)) -> 0.010434308 | BD26: Repair Rate : | BF26: =BE31/((90*3.1415/59)*(45/3.281)) -> 0.012366587 | BI26: Repair Rate : | BK26: =BJ31/((90*3.1415/59)*(47.5/3.281)) -> 0.040633117 | BN26: Repair Rate : | BP26: =BO31/((90*3.1415/59)*(47.5/3.281)) -> 0.02782482
A28: COATED | F28: BARE | K28: COATED | P28: BARE | U28: COATED / BARE | Z28: BARE | AE28: COATED | AJ28: COATED | AO28: COATED | AT28: BARE | AY28: BARE | BD28: BARE | BI28: BARE | BN28: BARE
A30: 42.5 ft | B30: 34 | F30: 42.5 ft | G30: 35 | K30: 42.5 ft | L30: 36 | P30: 42.5 ft | Q30: 37 | U30: 42.5 ft | V30: 38 | Z30: 42.5 ft | AA30: 39 | AE30: 45 ft | AF30: 40 | AJ30: 45 ft | AK30: 41 | AO30: 45 ft | AP30: 42 | AT30: 45 ft | AU30: 43 | AY30: 45 ft | AZ30: 44 | BD30: 45 ft | BE30: 45 | BI30: 47.5 ft | BJ30: 46 | BN30: 47.5 ft | BO30: 47
B31: 1e-07 | C31: m. | E31: B.E | G31: 2.8448 | H31: m. | I31: 1 | J31: B.E | L31: 0.8636 | M31: m. | O31: B.E | Q31: 9.2456 | R31: m. | S31: 1 | T31: B.E | V31: 0.4064 | W31: m. | Y31: B.E | AA31: 5.334 | AB31: m. | AC31: 1 | AD31: B.E | AF31: 0.381 | AG31: m. | AI31: B.E | AK31: 5.4864 | AL31: m. | AM31: 1 | AN31: B.E | AP31: 0.2286 | AQ31: m. | AS31: B.E | AU31: 3.6322 | AV31: m. | AW31: 1 | AX31: B.E | AZ31: 0.6858 | BA31: m. | BC31: B.E | BE31: 0.8128 | BF31: m. | BG31: 1 | BH31: B.E | BJ31: 2.819 | BK31: m. | BM31: B.E | BO31: 1.9304 | BP31: m. | BQ31: 1 | BR31: B.E
A32: Repair Rate : | C32: =B37/((90*3.1415/59)*(47.5/3.281)) -> 0.016841339 | F32: Repair Rate : | H32: =G37/((90*3.1415/59)*(47.5/3.281)) -> 0.030753749 | K32: Repair Rate : | M32: =L37/((90*3.1415/59)*(47.5/3.281)) -> 0.015376874 | P32: Repair Rate : | R32: =Q37/((90*3.1415/59)*(47.5/3.281)) -> 0.042835579 | U32: Repair Rate : | W32: =V37/((90*3.1415/59)*(65/3.281)) -> 0.012842225 | Z32: Repair Rate : | AB32: =AA37/((90*3.1415/59)*(65/3.281)) -> 0.043871281 | AE32: Repair Rate : | AG32: =AF37/((90*3.1415/59)*(65/3.281)) -> 0.023811625
A34: COATED | F34: COATED | K34: COATED | P34: BARE | U34: COATED | Z34: COATED | AE34: COATED | AJ34: #VALUE!
A36: 47.5 ft | B36: 49 | F36: 47.5 ft | G36: 50 | K36: 47.5 ft | L36: 51 | P36: 47.5 ft | Q36: 52 | U36: 65 ft | V36: 48 | Z36: 65 ft | AA36: 53 | AE36: 65 ft | AF36: 54
B37: 1.1684 | C37: m. | E37: B.E | G37: 2.1336 | H37: m. | I37: 1 | J37: B.E | L37: 1.0668 | M37: m. | O37: B.E | Q37: 2.9718 | R37: m. | S37: 1 | T37: B.E | V37: 1.2192 | W37: m. | X37: 1 | Y37: B.E | AA37: 4.165 | AB37: m. | AC37: 1 | AD37: B.E | AF37: 2.2606 | AG37: m. | AH37: 1 | AI37: B.E
X105: PREV. REPAIRED PIPE NO.S
AK106: DAILY REPAIR AMOUNT (METER) | AV106: Total Repair Amount (Meter) | BH106: Total RepAIRED B.E. QTY. (Meter) | BM106: =D7+I7+N7+S7+X7+AC7+AH7+AM7+AR7+AW7+BB7+BG7+BL7+BQ7+ D13+I13+N13+S13+X13+AC13+AH13+AM13+AR13+AW13+BB13+BG13+BL13+BQ13+ D19+I19+N19+S19+X19+ D31+I31+N31+S31+X31+AC31+AH31+AM31+AR31+AW31+BB31+BG31+BL31+BQ31+ D37+I37+N37+S37+X37+AC37+AH37 -> 26 | BQ106: B.E.
H110: {=SUM(COUNTIF(INDIRECT({"B6","G6","L6","Q6","V6","AA6","AF6","AK6","AP6","AU6","AZ6","BE6","BJ6","BO6","B12","G12","L12","Q12","V12","AA12","AF12","AK12","AP12","AU12","AZ12","BE12","BJ12","BO12","B18","G18","L18","Q18","V18","AA18","AF18","AK18","AP18","AU18","AZ18","BE18","BJ18","BO18","B24","G24","L24","Q24","V24","AA24","AF24","AK24","AP24","AU24","AZ24","BE24","BJ24","BO24","B30","G30","L30","Q30","V30","AA30","AF30","AK30","AP30","AU30","AZ30","BE30","BJ30","BO30","B36","G36","L36","Q36","V36","AA36","AF36","AK36","AP36","AU36"}),">0"))} -> 54 | X110: - | AK110: =AV110-AB127 -> -0.0049998897 | AV110: =B7+G7+L7+Q7+V7+AA7+AF7+AK7+AP7+AU7+AZ7+BE7+BJ7+BO7+ B13+G13+L13+Q13+V13+AA13+AF13+AK13+AP13+AU13+AZ13+BE13+BJ13+BO13+ B19+G19+L19+Q19+V19+ B31+G31+L31+Q31+V31+AA31+AF31+AK31+AP31+AU31+AZ31+BE31+BJ31+BO31+ B37+G37+L37+Q37+V37+AA37+AF37 -> 74.065 | BM110: =BM106*1.5 -> 39
H113: {=SUM(COUNTIF(INDIRECT({"B7","G7","L7","Q7","V7","AA7","AF7","AK7","AP7","AU7","AZ7","BE7","BJ7","BO7","B13","G13","L13","Q13","V13","AA13","AF13","AK13","AP13","AU13","AZ13","BE13","BJ13","BO13","B19","G19","L19","Q19","V19","AA19","AF19","AK19","AP19","AU19","AZ19","BE19","BJ19","BO19","B25","G25","L25","Q25","V25","AA25","AF25","AK25","AP25","AU25","AZ25","BE25","BJ25","BO25","B31","G31","L31","Q31","V31","AA31","AF31","AK31","AP31","AU31","AZ31","BE31","BJ31","BO31","B37","G37","L37","Q37","V37","AA37","AF37","AK37","AP37","AU37"}),">0"))} -> 54
BM114: meter
BE119: `
AB127: 74.07 | AJ127: TOT. LENGTH (ft) | AM127: REP. PIPE TOT. LENGTH (ft) | AP127: TOT. REP. (mt) | AR127: TOT. REP. W/ B.E. (mt) | AW127: REP. RATIO (%)
AJ130: 2760 | AM130: =AR148+AR164 -> 2760 | AP130: =AV110 -> 74.065 | AR130: =AV110+BM110 -> 113.065 | AW130: (Total Tamir mt.)/[(Dx3.1415/W)(Total Length mt.)
AW132: =AP130/((90*3.1415/59)*(AM130/3.281)) -> 0.018373107
AW135: REP. RATIO W/ B.E. (%)
AL137: 42.5 | AO137: 6 | AR137: =AO137*AL137 -> 255 | AW137: (Total Tamir w/B.E. mt.)/[(Dx3.1415/W)(Total Length mt.)
AL140: 45 | AO140: 9 | AR140: =AO140*AL140 -> 405
AW141: =AR130/((90*3.1415/59)*(AM130/3.281)) -> 0.028047734
AL143: 55 | AO143: 6 | AR143: =AO143*AL143 -> 330
AL145: 60 | AO145: 6 | AR145: =AO145*AL145 -> 360
AL146: 65 | AO146: 3 | AR146: =AO146*AL146 -> 195
AL147: 70 | AO147: 3 | AR147: =AO147*AL147 -> 210
AO148: =AO143+AO140+AO137+AO145+AO146+AO147 -> 33 | AR148: =AR140+AR137+AR143+AR145+AR146+AR147 -> 1755
AL153: 42.5 | AO153: 6 | AR153: =AO153*AL153 -> 255
AL156: 45 | AO156: 6 | AR156: =AO156*AL156 -> 270
AL159: 47.5 | AO159: 6 | AR159: =AO159*AL159 -> 285
AL161: 65 | AO161: 3 | AR161: =AO161*AL161 -> 195
AO164: =AO159+AO156+AO153+AO161 -> 21 | AR164: =AR156+AR153+AR159+AR161 -> 1005

Sheet 01-115
A3: Repair Rate : | C3: =B8/((60*3.1415/59)*(141/3.281)) -> 0.01072886 | F3: Repair Rate : | H3: =G8/((60*3.1415/59)*(141/3.281)) -> 0.0083252454 | K3: Repair Rate : | M3: =L8/((60*3.1415/59)*(141/3.281)) -> 0.0101753 | P3: Repair Rate : | R3: =Q8/((60*3.1415/59)*(141/3.281)) -> 0.0092502727 | U3: Repair Rate : | W3: =V8/((60*3.1415/59)*(141/3.281)) -> 0.019236197 | Z3: Repair Rate : | AB3: =AA8/((60*3.1415/59)*(141/3.281)) -> 0.020532692 | AE3: Repair Rate : | AG3: =AF8/((60*3.1415/59)*(141/3.281)) -> 0.0018500545 | AJ3: Repair Rate : | AL3: =AK8/((60*3.1415/59)*(141/3.281)) -> 0.0018500545 | AO3: Repair Rate : | AQ3: =AP8/((60*3.1415/59)*(141/3.281)) -> 0.041436851 | AT3: Repair Rate : | AV3: =AU8/((60*3.1415/59)*(141/3.281)) -> 0.0074002182 | AY3: Repair Rate : | BA3: =AZ8/((60*3.1415/59)*(141/3.281)) -> 0.026082856 | BD3: Repair Rate : | BF3: =BE8/((60*3.1415/59)*(141/3.281)) -> 0.0066572829 | BI3: Repair Rate : | BK3: =BJ8/((60*3.1415/59)*(141/3.281)) -> 0.010545311 | BN3: Repair Rate : | BP3: =BO8/((60*3.1415/59)*(141/3.281)) -> 0.027007883
A5: B. Plate | C5: Clutch | F5: B. Plate | H5: Clutch | K5: B. Plate | M5: Clutch | P5: B. Plate | R5: Clutch | U5: B. Plate | W5: Clutch | Z5: B. Plate | AB5: Clutch | AE5: B. Plate | AG5: Clutch | AJ5: B. Plate | AL5: Clutch | AO5: B. Plate | AQ5: Clutch | AT5: B. Plate | AV5: Clutch | AY5: B. Plate | BA5: Clutch | BD5: B. Plate | BF5: Clutch | BI5: B. Plate | BK5: Clutch | BN5: B. Plate | BP5: Clutch
A6: S. Ring | C6: S. Lug | F6: S. Ring | H6: S. Lug | K6: S. Ring | M6: S. Lug | P6: S. Ring | R6: S. Lug | U6: S. Ring | W6: S. Lug | Z6: S. Ring | AB6: S. Lug | AE6: S. Ring | AG6: S. Lug | AJ6: S. Ring | AL6: S. Lug | AO6: S. Ring | AQ6: S. Lug | AT6: S. Ring | AV6: S. Lug | AY6: S. Ring | BA6: S. Lug | BD6: S. Ring | BF6: S. Lug | BI6: S. Ring | BK6: S. Lug | BN6: S. Ring | BP6: S. Lug
A7: 141 ft | B7: 1 | F7: 141 ft | G7: 2 | K7: 141 ft | L7: 3 | P7: P19-141 ft | Q7: 4 | U7: 141 ft | V7: 5 | Z7: 141 ft | AA7: 6 | AE7: 141 ft | AF7: 7 | AJ7: 141 ft | AK7: 8 | AO7: 141 ft | AP7: 9 | AT7: 141 ft | AU7: 10 | AY7: 141 ft | AZ7: 11 | BD7: 141 ft | BE7: 12 | BI7: 141 ft | BJ7: 13 | BN7: 141 ft | BO7: 14
B8: 1.473 | C8: m. | D8: 1 | E8: B.E | G8: 1.143 | H8: m. | I8: 2 | J8: B.E | L8: 1.397 | M8: m. | N8: 1 | O8: B.E | Q8: 1.27 | R8: m. | S8: 2 | T8: B.E | V8: 2.641 | W8: m. | X8: 1 | Y8: B.E | AA8: 2.819 | AB8: m. | AC8: 2 | AD8: B.E | AF8: 0.254 | AG8: m. | AH8: 1 | AI8: B.E | AK8: 0.254 | AL8: m. | AM8: 1 | AN8: B.E | AP8: 5.689 | AQ8: m. | AR8: 2 | AS8: B.E | AU8: 1.016 | AV8: m. | AW8: 1 | AX8: B.E | AZ8: 3.581 | BA8: m. | BB8: 2 | BC8: B.E | BE8: 0.914 | BF8: m. | BG8: 1 | BH8: B.E | BJ8: 1.4478 | BK8: m. | BL8: 2 | BM8: B.E | BO8: 3.708 | BP8: m. | BQ8: 1 | BR8: B.E
A9: Repair Rate : | C9: =B14/((60*3.1415/59)*(141/3.281)) -> 0.0099902945 | F9: Repair Rate : | H9: =G14/((60*3.1415/59)*(141/3.281)) -> 0.016835496 | K9: Repair Rate : | M9: =L14/((60*3.1415/59)*(141/3.281)) -> 0.034226009 | P9: Repair Rate : | R9: =Q14/((60*3.1415/59)*(141/3.281)) -> 0.033300982 | U9: Repair Rate : | W9: =V14/((60*3.1415/59)*(141/3.281)) -> 0.045508428 | Z9: Repair Rate : | AB9: =AA14/((60*3.1415/59)*(141/3.281)) -> 0.02533992 | AE9: Repair Rate : | AG9: =AF14/((60*3.1415/59)*(141/3.281)) -> 0.01775761 | AJ9: Repair Rate : | AL9: =AK14/((60*3.1415/59)*(141/3.281)) -> 0.0014800436 | AO9: Repair Rate : | AQ9: =AP14/((60*3.1415/59)*(141/3.281)) -> 0.019610578 | AT9: Repair Rate : | AV9: =AU14/((60*3.1415/59)*(141/3.281)) -> 0.019425573 | AY9: Repair Rate : | BA9: =AZ14/((60*3.1415/59)*(141/3.281)) -> 0.0068452018 | BD9: Repair Rate : | BF9: =BE14/((60*3.1415/59)*(141/3.281)) -> 0.035151036 | BI9: Repair Rate : | BK9: =BJ14/((60*3.1415/59)*(141/3.281)) -> 0.084731041
A11: B. Plate | C11: Clutch | F11: B. Plate | H11: Clutch | K11: B. Plate | M11: Clutch | P11: B. Plate | R11: Clutch | U11: B. Plate | W11: Clutch | Z11: B. Plate | AB11: Clutch | AE11: B. Plate | AG11: Clutch | AJ11: B. Plate | AL11: Clutch | AO11: B. Plate | AQ11: Clutch | AT11: B. Plate | AV11: Clutch | AY11: B. Plate | BA11: Clutch | BD11: B. Plate | BF11: Clutch | BI11: B. Plate | BK11: Clutch
A12: S. Ring | C12: S. Lug | F12: S. Ring | H12: S. Lug | K12: S. Ring | M12: S. Lug | P12: S. Ring | R12: S. Lug | U12: S. Ring | W12: S. Lug | Z12: S. Ring | AB12: S. Lug | AE12: S. Ring | AG12: S. Lug | AJ12: S. Ring | AL12: S. Lug | AO12: S. Ring | AQ12: S. Lug | AT12: S. Ring | AV12: S. Lug | AY12: S. Ring | BA12: S. Lug | BD12: S. Ring | BF12: S. Lug | BI12: S. Ring | BK12: S. Lug
A13: 141 ft | B13: 15 | F13: 141 ft | G13: 16 | K13: 141 ft | L13: 17 | P13: 141 ft | Q13: 18 | U13: 141 ft | V13: 19 | Z13: P15 - 141 ft | AA13: 20 | AE13: 141 ft | AF13: 21 | AJ13: 141 ft | AK13: 22 | AO13: P16 - 141 ft | AP13: 23 | AT13: 141 ft | AU13: 24 | AY13: P18 - 141 ft | AZ13: 25 | BD13: 141 ft | BE13: 26 | BI13: 141 ft | BJ13: 27
B14: 1.3716 | C14: m. | D14: 1 | E14: B.E | G14: 2.3114 | H14: m. | I14: 2 | J14: B.E | L14: 4.699 | M14: m. | N14: 1 | O14: B.E | Q14: 4.572 | R14: m. | S14: 2 | T14: B.E | V14: 6.248 | W14: m. | X14: 1 | Y14: B.E | AA14: 3.479 | AB14: m. | AC14: 2 | AD14: B.E | AF14: 2.438 | AG14: m. | AH14: 1 | AI14: B.E | AK14: 0.2032 | AL14: m. | AM14: 1 | AN14: B.E | AP14: 2.6924 | AQ14: m. | AR14: 2 | AS14: B.E | AU14: 2.667 | AV14: m. | AW14: 1 | AX14: B.E | AZ14: 0.9398 | BA14: m. | BB14: 2 | BC14: B.E | BE14: 4.826 | BF14: m. | BG14: 1 | BH14: B.E | BJ14: 11.633 | BK14: m. | BM14: B.E
J32: {=SUM(COUNTIF(INDIRECT({"B7","G7","L7","Q7","V7","AA7","AF7","AK7","AP7","AU7","AZ7","BE7","BJ7","BO7","B13","G13","L13","Q13","V13","AA13","AF13","AK13","AP13","AU13","AZ13","BE13","BJ13","BO13","B19","G19","L19","Q19","V19","AA19","AF19","AK19","AP19","AU19","AZ19"}),">0"))} -> 27 | Y32: {=SUM(COUNTIF(INDIRECT({"B8","G8","L8","Q8","V8","AA8","AF8","AK8","AP8","AU8","AZ8","BE8","BJ8","BO8","B14","G14","L14","Q14","V14","AA14","AF14","AK14","AP14","AU14","AZ14","BE14","BJ14","BO14","B20","G20","L20","Q20","V20","AA20","AF20","AK20","AP20","AU20","AZ20"}),">0"))} -> 27
V36: PREV. REPAIRED PIPE NO.S | AH36: DAILY REPAIR AMOUNT (METER) | AS36: Total Repair Amount (Meter) | BE36: Total RepAIRED B.E. QTY. (Meter) | BJ36: =D8+I8+N8+S8+X8+AC8+AH8+AM8+AR8+AW8+BB8+BG8+BL8+D14+I14+N14+S14+X14+AC14+AH14+AM14+AR14+AW14+BB14+BG14+BL14+D20+I20+N20+S20+X20+AC20+AH20+AM20+AR20+AW20+BQ8+BQ14+BB20 -> 37 | BN36: B.E.
V40: - | AH40: =AS40-AD76 -> -0.0028 | AS40: =B8+G8+L8+Q8+V8+AA8+AF8+AK8+AP8+AU8+AZ8+BE8+BJ8+BO8+B14+G14+L14+Q14+V14+AA14+AF14+AK14+AP14+AU14+AZ14+BE14+BJ14+BO14+B20+G20+L20+Q20+V20+AA20+AF20+AK20+AP20+AU20+AZ20 -> 75.6872
BJ42: =BJ36*1.5 -> 55.5
BJ46: meter
AD76: 75.69 | AL76: TOT. LENGTH (ft) | AO76: REP. PIPE TOT. LENGTH (ft) | AR76: TOT. REP. (mt) | AT76: TOT. REP. W/ B.E. (mt) | AY76: REP. RATIO (%)
AL79: 3807 | AO79: =AT95 -> 3807 | AR79: =AS40 -> 75.6872 | AT79: =AS40+BJ42 -> 131.1872 | AY79: (Total Tamir mt.)/[(Dx3.1415/W)(Total Length mt.)
AY81: =AR79/((60*3.1415/59)*(AO79/3.281)) -> 0.020417826
AY84: REP. RATIO W/ B.E. (%)
AN86: 141 | AQ86: {=SUM(COUNTIF(INDIRECT({"B8","G8","L8","Q8","V8","AA8","AF8","AK8","AP8","AU8","AZ8","BE8","BJ8","BO8","B14","G14","L14","Q14","V14","AA14","AF14","AK14","AP14","AU14","AZ14","BE14","BJ14","BO14","B20","G20","L20","Q20","V20","AA20","AF20","AK20","AP20","AU20","AZ20"}),">0"))} -> 27 | AT86: =AQ86*AN86 -> 3807 | AY86: (Total Tamir w/B.E. mt.)/[(Dx3.1415/W)(Total Length mt.)
AY90: =AT79/((60*3.1415/59)*(AO79/3.281)) -> 0.035389833
AQ95: =AQ92+AQ89+AQ86 -> 27 | AT95: =AT89+AT92+AT86 -> 3807

Sheet 01-116 (36)
A2: Repair Rate : | C2: =B7/((36*3.1415/59)*(134.54/3.281)) -> 0.038454568 | F2: Repair Rate : | H2: =G7/((36*3.1415/59)*(134.54/3.281)) -> 0.08983504 | K2: Repair Rate : | M2: =L7/((36*3.1415/59)*(134.54/3.281)) -> 0.030052729 | P2: Repair Rate : | R2: =Q7/((36*3.1415/59)*(134.54/3.281)) -> 0.020681448 | U2: Repair Rate : | W2: =V7/((36*3.1415/59)*(124.5/3.281)) -> 0.021650839 | Z2: Repair Rate : | AB2: =AA7/((36*3.1415/59)*(124.5/3.281)) -> 0.010476212 | AE2: Repair Rate : | AG2: =AF7/((36*3.1415/59)*(124.5/3.281)) -> 0.023396874 | AJ2: Repair Rate : | AL2: =AK7/((36*3.1415/59)*(124.5/3.281)) -> 0.054825512 | AO2: Repair Rate : | AQ2: =AP7/((36*3.1415/59)*(124.5/3.281)) -> 0.13374631 | AT2: Repair Rate : | AV2: =AU7/((36*3.1415/59)*(124.5/3.281)) -> 0.0066349346 | AY2: Repair Rate : | BA2: =AZ7/((36*3.1415/59)*(124.5/3.281)) -> 0.035619122 | BD2: Repair Rate : | BF2: =BE7/((36*3.1415/59)*(124.5/3.281)) -> 0.055174719 | BI2: Repair Rate : | BK2: =BJ7/((36*3.1415/59)*(124.5/3.281)) -> 0.048888991 | BN2: Repair Rate : | BP2: =BO7/((36*3.1415/59)*(124.5/3.281)) -> 0.015365112
A5: COATING (INTRNTL) | F5: COATING (INTRNTL) | K5: COATING (INTRNTL) | P5: COATING (INTRNTL) | U5: COATING | Z5: COATING | AE5: COATING | AJ5: COATING | AO5: COATING | AT5: COATING | AY5: COATING | BD5: COATING | BI5: COATING | BN5: COATING
A6: 134.54 FT | B6: 25 | F6: 134.54 FT | G6: 26 | K6: 134.54 FT | L6: 27 | P6: 134.54 FT | Q6: 28 | U6: 124.5 FT | V6: 1 | Z6: 124.5 FT | AA6: 2 | AE6: 124.5 FT | AF6: 3 | AJ6: 124.5 FT | AK6: 4 | AO6: 124.5 FT | AP6: 5 | AT6: 124.5 FT | AU6: 6 | AY6: 124.5 FT | AZ6: 8 | BD6: 124.5 FT | BE6: 9 | BI6: 124.5 FT | BJ6: 10 | BN6: 124.5 FT | BO6: 11
B7: 3.0226 | C7: m. | D7: 1 | E7: B.E | G7: 7.0612 | H7: m. | J7: B.E | L7: 2.3622 | M7: m. | N7: 1 | O7: B.E | Q7: 1.6256 | R7: m. | S7: 1 | T7: B.E | V7: 1.5748 | W7: m. | X7: 1 | Y7: B.E | AA7: 0.762 | AB7: m. | AD7: B.E | AF7: 1.7018 | AG7: m. | AH7: 1 | AI7: B.E | AK7: 3.9878 | AL7: m. | AM7: 1 | AN7: B.E | AP7: 9.7282 | AQ7: m. | AR7: 1 | AS7: B.E | AU7: 0.4826 | AV7: m. | AW7: 1 | AX7: B.E | AZ7: 2.5908 | BA7: m. | BB7: 1 | BC7: B.E | BE7: 4.0132 | BF7: m. | BG7: 1 | BH7: B.E | BJ7: 3.556 | BK7: m. | BL7: 1 | BM7: B.E | BO7: 1.1176 | BP7: m. | BQ7: 1 | BR7: B.E
A8: Repair Rate : | C8: =B13/((36*3.1415/59)*(124.5/3.281)) -> 0.0024444496 | F8: Repair Rate : | H8: =G13/((36*3.1415/59)*(125.5/3.281)) -> 0.0048499438 | K8: Repair Rate : | M8: =L13/((36*3.1415/59)*(125.5/3.281)) -> 0.035335305 | P8: Repair Rate : | R8: =Q13/((36*3.1415/59)*(125.5/3.281)) -> 0.038106701 | U8: Repair Rate : | W8: =V13/((36*3.1415/59)*(125.5/3.281)) -> 0.057160052 | Z8: Repair Rate : | AB8: =AA13/((36*3.1415/59)*(125.5/3.281)) -> 1.3638762e-11 | AE8: Repair Rate : | AG8: =AF13/((36*3.1415/59)*(125.5/3.281)) -> 0.0086606139 | AJ8: Repair Rate : | AL8: =AK13/((36*3.1415/59)*(125.5/3.281)) -> 1.3638762e-11 | AO8: Repair Rate : | AQ8: =AP13/((36*3.1415/59)*(125.5/3.281)) -> 1.3638762e-12 | AT8: Repair Rate : | AV8: =AU13/((36*3.1415/59)*(125.5/3.281)) -> 1.3638762e-10 | AY8: Repair Rate : | BA8: =AZ13/((36*3.1415/59)*(125.5/3.281)) -> 1.3638762e-10 | BD8: Repair Rate : | BF8: =BE13/((36*3.1415/59)*(114/3.281)) -> 0.024407737 | BI8: Repair Rate : | BK8: =BJ13/((36*3.1415/59)*(114/3.281)) -> 0.020975399 | BN8: Repair Rate : | BP8: =BO13/((36*3.1415/59)*(114/3.281)) -> 0.014873465
A11: COATING | F11: COATING (INTRNTL) | K11: COATING (INTRNTL) | P11: COATING (INTRNTL) | U11: COATING (INTRNTL) | Z11: COATING (INTRNTL) | AE11: COATING (INTRNTL) | AJ11: COATING (INTRNTL) | AO11: COATING (INTRNTL) | AT11: COATING (INTRNTL) | AY11: COATING (INTRNTL) | BD11: COATING (INTRNTL) | BF11: COATING (INTUMSCNT) | BI11: COATING (INTRNTL) | BK11: COATING (INTUMSCNT) | BN11: COATING (INTRNTL) | BP11: COATING (INTUMSCNT)
A12: 124.5 FT | B12: 20 | F12: 125.5 FT | G12: 45 | K12: 125.5 FT | L12: 46 | P12: 125.5 FT | Q12: 47 | U12: 125.5 FT | V12: 48 | Z12: 125.5 FT | AA12: 49 | AE12: 125.5 FT | AF12: 50 | AJ12: 125.5 FT | AK12: 51 | AO12: 125.5 FT | AP12: 52 | AT12: 125.5 FT | AU12: 53 | AY12: 125.5 FT | AZ12: 54 | BD12: 114 FT | BE12: 7 | BI12: 114 FT | BJ12: 12 | BN12: 114 FT | BO12: 13
B13: 0.1778 | C13: m. | D13: 1 | E13: B.E | G13: 0.3556 | H13: m. | I13: 1 | J13: B.E | L13: 2.5908 | M13: m. | O13: B.E | Q13: 2.794 | R13: m. | S13: 1 | T13: B.E | V13: 4.191 | W13: m. | X13: 1 | Y13: B.E | AA13: 1e-09 | AB13: m. | AC13: 1 | AD13: B.E | AF13: 0.635 | AG13: m. | AH13: 1 | AI13: B.E | AK13: 1e-09 | AL13: m. | AM13: 1 | AN13: B.E | AP13: 1e-10 | AQ13: m. | AS13: B.E | AU13: 1e-08 | AV13: m. | AW13: 1 | AX13: B.E | AZ13: 1e-08 | BA13: m. | BB13: 1 | BC13: B.E | BE13: 1.6256 | BF13: m. | BH13: B.E | BJ13: 1.397 | BK13: m. | BM13: B.E | BO13: 0.9906 | BP13: m. | BQ13: 1 | BR13: B.E
A14: Repair Rate : | C14: =B19/((36*3.1415/59)*(114/3.281)) -> 0.049196845 | F14: Repair Rate : | H14: =G19/((36*3.1415/59)*(114/3.281)) -> 0.036611606 | K14: Repair Rate : | M14: =L19/((36*3.1415/59)*(114/3.281)) -> 0.019449915 | P14: Repair Rate : | R14: =Q19/((36*3.1415/59)*(114/3.281)) -> 0.011050747 | U14: Repair Rate : | W14: =V19/((36*3.1415/59)*(114/3.281)) -> 0.024026366 | Z14: Repair Rate : | AB14: =AA19/((36*3.1415/59)*(114/3.281)) -> 0.0080087887 | AE14: Repair Rate : | AG14: =AF19/((36*3.1415/59)*(114/3.281)) -> 1.5014602e-12 | AJ14: Repair Rate : | AL14: =AK19/((36*3.1415/59)*(114/3.281)) -> 0.0049578216 | AO14: Repair Rate : | AQ14: =AP19/((36*3.1415/59)*(114/3.281)) -> 0.015254836 | AT14: Repair Rate : | AV14: =AU19/((36*3.1415/59)*(114/3.281)) -> 0.061019343 | AY14: Repair Rate : | BA14: =AZ19/((36*3.1415/59)*(115.33/3.281)) -> 0.0064085389 | BD14: Repair Rate : | BF14: =BE19/((36*3.1415/59)*(115.33/3.281)) -> 0.0037697288 | BI14: Repair Rate : | BK14: =BJ19/((36*3.1415/59)*(115.33/3.281)) -> 0.041843989 | BN14: Repair Rate : | BP14: =BO19/((36*3.1415/59)*(115.33/3.281)) -> 0.018471671
A17: COATING (INTRNTL) | C17: COATING (INTUMSCNT) | F17: COATING (INTRNTL) | H17: COATING (INTUMSCNT) | K17: COATING (INTRNTL) | M17: COATING (INTUMSCNT) | P17: COATING (INTRNTL) | R17: COATING (INTUMSCNT) | U17: COATING (INTRNTL) | W17: COATING (INTUMSCNT) | Z17: COATING (INTRNTL) | AB17: COATING (INTUMSCNT) | AE17: COATING (INTRNTL) | AG17: COATING (INTUMSCNT) | AJ17: COATING (INTRNTL) | AL17: COATING (INTUMSCNT) | AO17: COATING (INTRNTL) | AQ17: COATING (INTUMSCNT) | AT17: COATING (INTRNTL) | AV17: COATING (INTUMSCNT) | AY17: COATING (INTRNTL) | BD17: COATING (INTRNTL) | BI17: COATING (INTRNTL) | BK17: COATING (INTUMSCNT) | BN17: COATING (INTRNTL) | BP17: COATING (INTUMSCNT)
A18: 114 FT | B18: 14 | F18: 114 FT | G18: 15 | K18: 114 FT | L18: 16 | P18: 114 FT | Q18: 17 | U18: 114 FT | V18: 18 | Z18: 114 FT | AA18: 19 | AE18: 114 FT | AF18: 21 | AJ18: 114 FT | AK18: 22 | AO18: 114 FT | AP18: 23 | AT18: 114 FT | AU18: 24 | AY18: 115.33 FT | AZ18: 32 | BD18: 115.33 FT | BE18: 33 | BI18: 115.33 FT | BJ18: 34 | BN18: 115.33 FT | BO18: 35
B19: 3.2766 | C19: m. | D19: 1 | E19: B.E | G19: 2.4384 | H19: m. | I19: 1 | J19: B.E | L19: 1.2954 | M19: m. | N19: 1 | O19: B.E | Q19: 0.736 | R19: m. | T19: B.E | V19: 1.6002 | W19: m. | X19: 1 | Y19: B.E | AA19: 0.5334 | AB19: m. | AC19: 1 | AD19: B.E | AF19: 1e-10 | AG19: m. | AI19: B.E | AK19: 0.3302 | AL19: m. | AM19: 1 | AN19: B.E | AP19: 1.016 | AQ19: m. | AR19: 1 | AS19: B.E | AU19: 4.064 | AV19: m. | AW19: 1 | AX19: B.E | AZ19: 0.4318 | BA19: m. | BC19: B.E | BE19: 0.254 | BF19: m. | BG19: 1 | BH19: B.E | BJ19: 2.8194 | BK19: m. | BL19: 1 | BM19: B.E | BO19: 1.2446 | BP19: m. | BQ19: 1 | BR19: B.E
A20: Repair Rate : | C20: =B25/((36*3.1415/59)*(115.33/3.281)) -> 0.0067855118 | F20: Repair Rate : | H20: =G25/((36*3.1415/59)*(115.33/3.281)) -> 0.0098012948 | K20: Repair Rate : | M20: =L25/((36*3.1415/59)*(115.33/3.281)) -> 1.4841452e-11 | P20: Repair Rate : | R20: =Q25/((36*3.1415/59)*(115.33/3.281)) -> 0.012817078 | U20: Repair Rate : | W20: =V25/((36*3.1415/59)*(115.33/3.281)) -> 0.023749291 | Z20: Repair Rate : | AB20: =AA25/((36*3.1415/59)*(115.33/3.281)) -> 0.0049006474 | AE20: Repair Rate : | AG20: =AF25/((36*3.1415/59)*(115.33/3.281)) -> 0.0037697288 | AJ20: Repair Rate : | AL20: =AK25/((36*3.1415/59)*(115.33/3.281)) -> 1.4841452e-10 | AO20: Repair Rate : | AQ20: =AP25/((36*3.1415/59)*(115.33/3.281)) -> 0.010932213 | AT20: Repair Rate : | AV20: =AU25/((36*3.1415/59)*(128.5/3.281)) -> 0.0027066946 | AY20: Repair Rate : | BA20: =AZ25/((36*3.1415/59)*(128.5/3.281)) -> 0.052095878 | BD20: Repair Rate : | BF20: =BE25/((36*3.1415/59)*(128.5/3.281)) -> 0.0077817469
A23: COATING (INTRNTL) | C23: COATING (INTUMSCNT) | F23: COATING (INTRNTL) | K23: COATING (INTRNTL) | M23: COATING (INTUMSCNT) | P23: COATING (INTRNTL) | U23: COATING (INTRNTL) | W23: COATING (INTUMSCNT) | Z23: COATING (INTRNTL) | AE23: COATING (INTRNTL) | AG23: COATING (INTUMSCNT) | AJ23: COATING (INTRNTL) | AO23: COATING (INTRNTL) | AT23: COATING (INTRNTL) | AY23: COATING (INTRNTL) | BA23: COATING (INTUMSCNT) | BD23: COATING (INTRNTL)
A24: 115.33 FT | B24: 36 | F24: 115.33 FT | G24: 37 | K24: 115.33 FT | L24: 38 | P24: 115.33 FT | Q24: 39 | U24: 115.33 FT | V24: 40 | Z24: 115.33 FT | AA24: 41 | AE24: 115.33 FT | AF24: 42 | AJ24: 115.33 FT | AK24: 43 | AO24: 115.33 FT | AP24: 44 | AT24: 128.5 FT | AU24: 29 | AY24: 128.5 FT | AZ24: 30 | BD24: 128.5 FT | BE24: 31
B25: 0.4572 | C25: m. | D25: 1 | E25: B.E | G25: 0.6604 | H25: m. | J25: B.E | L25: 1e-09 | M25: m. | N25: 1 | O25: B.E | Q25: 0.8636 | R25: m. | S25: 1 | T25: B.E | V25: 1.6002 | W25: m. | X25: 1 | Y25: B.E | AA25: 0.3302 | AB25: m. | AD25: B.E | AF25: 0.254 | AG25: m. | AH25: 1 | AI25: B.E | AK25: 1e-08 | AL25: m. | AM25: 1 | AN25: B.E | AP25: 0.7366 | AQ25: m. | AR25: 1 | AS25: B.E | AU25: 0.2032 | AV25: m. | AW25: 1 | AX25: B.E | AZ25: 3.911 | BA25: m. | BB25: 1 | BC25: B.E | BE25: 0.5842 | BF25: m. | BG25: 1 | BH25: B.E
Q27: {=SUM(COUNTIF(INDIRECT({"B6","G6","L6","Q6","V6","AA6","AF6","AK6","AP6","AU6","AZ6","BE6","BJ6","BO6","B12","G12","L12","Q12","V12","AA12","AF12","AK12","AP12","AU12","AZ12","BE12","BJ12","BO12","B18","G18","L18","Q18","V18","AA18","AF18","AK18","AP18","AU18","AZ18","BE18","BJ18","BO18","B24","G24","L24","Q24","V24","AA24","AF24","AK24","AP24","AU24","AZ24","BE24"}),">0"))} -> 54
Q28: 54
V31: PREV. REPAIRED PIPE no.s | AH31: DAILY REPAIR AMOUNT (METER) | AS31: Total Repair Amount (Meter) | BE31: Total RepAIRED B.E. QTY. (Meter) | BJ31: =D7+I7+N7+S7+X7+AC7+AH7+AM7+AR7+AW7+BB7+BG7+BL7+BQ7+AC13+X13+S13+N13+I13+D13+AH13+AM13+AR13+AW13+BG13+BL13+BQ13+D19+I19+N19+S19+X19+AC19+AH19+AM19+AR19+AW19+BB19+BG19+BL19+BQ19+D25+I25+N25+S25+X25+AC25+AH25+AM25+AW25+BB25+BG25+BB13+AR25 -> 43 | BN31: B.E.
V35: - | AH35: =AS35-AD87 -> 9.9999937e-09 | AS35: =B7+G7+L7+Q7+V7+AA7+AF7+AK7+AP7+AU7+AZ7+BE7+BJ7+BO7+B13+G13+L13+Q13+V13+AA13+AF13+AK13+AP13+AU13+BE13+BJ13+BO13+B19+G19+L19+Q19+V19+AA19+AF19+AK19+AP19+AU19+AZ19+BE19+BJ19+BO19+B25+G25+L25+Q25+V25+AA25+AF25+AK25+AU25+AZ25+BE25+AZ13+AP25 -> 87.9844 | BJ35: =BJ31*1.5 -> 64.5
BJ39: meter
AD87: 87.9844 | AL87: TOT. LENGTH (ft) | AO87: REP. PIPE TOT. LENGTH (ft) | AR87: TOT. REP. (mt) | AT87: TOT. REP. W/ B.E. (mt) | AY87: REP. RATIO (%)
AL90: 6529.45 | AO90: =AT116 -> 6529.45 | AR90: =AS35 -> 87.9844 | AT90: =AS35+BJ35 -> 152.4844 | AY90: (Total Tamir mt.)/[(Dx3.1415/W)(Total Length mt.)
AY92: =AR90/((36*3.1415/59)*(AO90/3.281)) -> 0.023064697
AY95: REP. RATIO W/ B.E. (%)
AN97: 134.54 | AQ97: 4 | AT97: =AQ97*AN97 -> 538.16 | AY97: (Total Tamir w/B.E. mt.)/[(Dx3.1415/W)(Total Length mt.)
AN100: 124.5 | AQ100: 11 | AT100: =AQ100*AN100 -> 1369.5
AY101: =AT90/((36*3.1415/59)*(AO90/3.281)) -> 0.039973069
AN103: 114 | AQ103: 13 | AT103: =AQ103*AN103 -> 1482
AN106: 125.5 | AQ106: 10 | AT106: =AQ106*AN106 -> 1255
AN109: 115.33 | AQ109: 13 | AT109: =AQ109*AN109 -> 1499.29
AZ110: 9
AN112: 128.5 | AQ112: 3 | AT112: =AQ112*AN112 -> 385.5
AQ116: =AQ97+AQ100+AQ103+AQ106+AQ109+AQ112 -> 54 | AT116: =AT97+AT100+AT103+AT106+AT109+AT112 -> 6529.45

Sheet 01-116 (42)
A2: Repair Rate : | C2: =B7/((42*3.1415/59)*(130.33/3.281)) -> 0.019157375 | F2: Repair Rate : | H2: =G7/((42*3.1415/59)*(130.33/3.281)) -> 0.011437239 | K2: Repair Rate : | M2: =L7/((42*3.1415/59)*(130.33/3.281)) -> 0.010007584 | P2: Repair Rate : | R2: =Q7/((42*3.1415/59)*(130.33/3.281)) -> 0.036599165 | U2: Repair Rate : | W2: =V7/((42*3.1415/59)*(130.33/3.281)) -> 0.031166477 | Z2: Repair Rate : | AB2: =AA7/((42*3.1415/59)*(130.33/3.281)) -> 1.1257125e-11 | AE2: Repair Rate : | AG2: =AF7/((42*3.1415/59)*(130.33/3.281)) -> 0.066335987 | AJ2: Repair Rate : | AL2: =AK7/((42*3.1415/59)*(130.33/3.281)) -> 0.061189229 | AO2: Repair Rate : | AQ2: =AP7/((42*3.1415/59)*(130.33/3.281)) -> 0.039744406 | AT2: Repair Rate : | AV2: =AU7/((42*3.1415/59)*(130.33/3.281)) -> 0.012580963 | AY2: Repair Rate : | BA2: =AZ7/((42*3.1415/59)*(130.33/3.281)) -> 0.0071482744 | BD2: Repair Rate : | BF2: =BE7/((42*3.1415/59)*(130.33/3.281)) -> 0.012292781 | BI2: Repair Rate : | BK2: =BJ7/((42*3.1415/59)*(130.33/3.281)) -> 0.025159675 | BN2: Repair Rate : | BP2: =BO7/((42*3.1415/59)*(130.33/3.281)) -> 0.036599165
A5: COATING (INTRNTL) | F5: COATING (INTRNTL) | K5: COATING (INTRNTL) | P5: COATING (INTRNTL) | U5: COATING (INTRNTL) | Z5: COATING (INTRNTL) | AE5: COATING (INTRNTL) | AJ5: COATING (INTRNTL) | AO5: COATING (INTRNTL) | AT5: COATING (INTRNTL) | AY5: COATING (INTRNTL) | BD5: COATING (INTRNTL) | BI5: COATING (INTRNTL) | BN5: COATING (INTRNTL)
A6: 130.33 FT | B6: 1 | F6: 130.33 FT | G6: 2 | K6: 130.33 FT | L6: 3 | P6: 130.33 FT | Q6: 4 | U6: 130.33 FT | V6: 5 | Z6: 130.33 FT | AA6: 6 | AE6: 130.33 FT | AF6: 7 | AJ6: 130.33 FT | AK6: 8 | AO6: 130.33 FT | AP6: 9 | AT6: 130.33 FT | AU6: 10 | AY6: 130.33 FT | AZ6: 11 | BD6: 130.33 FT | BE6: 12 | BI6: 130.33 FT | BJ6: 13 | BN6: 130.33 FT | BO6: 14
B7: 1.7018 | C7: m. | D7: 1 | E7: B.E | G7: 1.016 | H7: m. | I7: 1 | J7: B.E | L7: 0.889 | M7: m. | N7: 1 | O7: B.E | Q7: 3.2512 | R7: m. | S7: 1 | T7: B.E | V7: 2.7686 | W7: m. | X7: 1 | Y7: B.E | AA7: 1e-09 | AB7: m. | AC7: 1 | AD7: B.E | AF7: 5.8928 | AG7: m. | AH7: 1 | AI7: B.E | AK7: 5.4356 | AL7: m. | AM7: 1 | AN7: B.E | AP7: 3.5306 | AQ7: m. | AR7: 1 | AS7: B.E | AU7: 1.1176 | AV7: m. | AW7: 1 | AX7: B.E | AZ7: 0.635 | BA7: m. | BB7: 1 | BC7: B.E | BE7: 1.092 | BF7: m. | BG7: 1 | BH7: B.E | BJ7: 2.235 | BK7: m. | BL7: 1 | BM7: B.E | BO7: 3.2512 | BP7: m. | BQ7: 1 | BR7: B.E
A8: Repair Rate : | C8: =B13/((42*3.1415/59)*(130.33/3.281)) -> 0.024866989 | F8: Repair Rate : | H8: =G13/((42*3.1415/59)*(130.33/3.281)) -> 0.040602199 | K8: Repair Rate : | M8: =L13/((42*3.1415/59)*(130.33/3.281)) -> 0.022874478 | P8: Repair Rate : | R8: =Q13/((42*3.1415/59)*(130.33/3.281)) -> 0.049171122 | U8: Repair Rate : | W8: =V13/((42*3.1415/59)*(130.33/3.281)) -> 0.012574209 | Z8: Repair Rate : | AB8: =AA13/((42*3.1415/59)*(130.33/3.281)) -> 0.0019925111 | AE8: Repair Rate : | AG8: =AF13/((42*3.1415/59)*(130.33/3.281)) -> 0.0091407856 | AJ8: Repair Rate : | AL8: =AK13/((42*3.1415/59)*(130.33/3.281)) -> 0.021726251 | AO8: Repair Rate : | AQ8: =AP13/((42*3.1415/59)*(130.33/3.281)) -> 0.026870758 | AT8: Repair Rate : | AV8: =AU13/((42*3.1415/59)*(130.33/3.281)) -> 0.046885926 | AY8: Repair Rate : | BA8: =AZ13/((42*3.1415/59)*(131.33/3.281)) -> 0.0056750757 | BD8: Repair Rate : | BF8: =BE13/((42*3.1415/59)*(131.33/3.281)) -> 0.055331988 | BI8: Repair Rate : | BK8: =BJ13/((42*3.1415/59)*(131.33/3.281)) -> 0.0022700303 | BN8: Repair Rate : | BP8: =BO13/((42*3.1415/59)*(131.33/3.281)) -> 1.1171409e-11
A11: COATING (INTRNTL) | F11: COATING (INTRNTL) | K11: COATING (INTRNTL) | P11: COATING (INTRNTL) | U11: COATING (INTRNTL) | Z11: COATING (INTRNTL) | AE11: COATING (INTRNTL) | AJ11: COATING (INTRNTL) | AO11: COATING (INTRNTL) | AT11: COATING (INTRNTL) | AY11: COATING (INTRNTL) | BD11: COATING (INTRNTL) | BI11: COATING (INTRNTL) | BN11: COATING (INTRNTL)
A12: 130.33 FT | B12: 15 | F12: 130.33 FT | G12: 16 | K12: 130.33 FT | L12: 17 | P12: 130.33 FT | Q12: 18 | U12: 130.33 FT | V12: 19 | Z12: 130.33 FT | AA12: 20 | AE12: 130.33 FT | AF12: 21 | AJ12: 130.33 FT | AK12: 22 | AO12: 130.33 FT | AP12: 23 | AT12: 130.33 FT | AU12: 24 | AY12: 131.33 FT | AZ12: 25 | BD12: 131.33 FT | BE12: 26 | BI12: 131.33 FT | BJ12: 27 | BN12: 131.33 FT | BO12: 28
B13: 2.209 | C13: m. | D13: 1 | E13: B.E | G13: 3.6068 | H13: m. | I13: 1 | J13: B.E | L13: 2.032 | M13: m. | N13: 1 | O13: B.E | Q13: 4.368 | R13: m. | S13: 1 | T13: B.E | V13: 1.117 | W13: m. | X13: 1 | Y13: B.E | AA13: 0.177 | AB13: m. | AC13: 1 | AD13: B.E | AF13: 0.812 | AG13: m. | AH13: 1 | AI13: B.E | AK13: 1.93 | AL13: m. | AM13: 1 | AN13: B.E | AP13: 2.387 | AQ13: m. | AR13: 1 | AS13: B.E | AU13: 4.165 | AV13: m. | AW13: 1 | AX13: B.E | AZ13: 0.508 | BA13: m. | BB13: 1 | BC13: B.E | BE13: 4.953 | BF13: m. | BG13: 1 | BH13: B.E | BJ13: 0.2032 | BK13: m. | BL13: 1 | BM13: B.E | BO13: 1e-09 | BP13: m. | BQ13: 1 | BR13: B.E
A14: Repair Rate : | C14: =B19/((42*3.1415/59)*(131.33/3.281)) -> 0.0019862765 | F14: Repair Rate : | H14: =G19/((42*3.1415/59)*(131.33/3.281)) -> 0.002553784 | K14: Repair Rate : | M14: =L19/((42*3.1415/59)*(131.33/3.281)) -> 0.0087963673 | P14: Repair Rate : | R14: =Q19/((42*3.1415/59)*(131.33/3.281)) -> 0.021849041 | U14: Repair Rate : | W14: =V19/((42*3.1415/59)*(131.33/3.281)) -> 0.0048238143 | Z14: Repair Rate : | AB14: =AA19/((42*3.1415/59)*(131.33/3.281)) -> 0.13591136 | AE14: Repair Rate : | AG14: =AF19/((42*3.1415/59)*(131.33/3.281)) -> 0.0073775984 | AJ14: Repair Rate : | AL14: =AK19/((42*3.1415/59)*(131.33/3.281)) -> 0.0022700303 | AO14: Repair Rate : | AQ14: =AP19/((42*3.1415/59)*(131.33/3.281)) -> 0.014471443 | AT14: Repair Rate : | AV14: =AU19/((42*3.1415/59)*(131.33/3.281)) -> 0.014187689 | AY14: Repair Rate : | BA14: =AZ19/((42*3.1415/59)*(131.33/3.281)) -> 0.0033961083 | BD14: Repair Rate : | BF14: =BE19/((42*3.1415/59)*(131.33/3.281)) -> 0.006526337 | BI14: Repair Rate : | BK14: =BJ19/((42*3.1415/59)*(131.33/3.281)) -> 0.0042563067 | BN14: Repair Rate : | BP14: =BO19/((42*3.1415/59)*(131.33/3.281)) -> 0.017025227
A17: COATING (INTRNTL) | F17: COATING (INTRNTL) | K17: COATING (INTRNTL) | P17: COATING (INTRNTL) | U17: COATING (INTRNTL) | Z17: COATING (INTRNTL) | AE17: COATING (INTRNTL) | AJ17: COATING (INTRNTL) | AO17: COATING (INTRNTL) | AT17: COATING (INTRNTL) | AY17: COATING (INTRNTL) | BD17: COATING (INTRNTL) | BI17: COATING (INTRNTL) | BN17: COATING (INTRNTL)
A18: 131.33 FT | B18: 29 | F18: 131.33 FT | G18: 30 | K18: 131.33 FT | L18: 31 | P18: 131.33 FT | Q18: 32 | U18: 131.33 FT | V18: 33 | Z18: 131.33 FT | AA18: 34 | AE18: 131.33 FT | AF18: 35 | AJ18: 131.33 FT | AK18: 36 | AO18: 131.33 FT | AP18: 37 | AT18: 131.33 FT | AU18: 38 | AY18: 131.33 FT | AZ18: 39 | BD18: 131.33 FT | BE18: 40 | BI18: 131.33 FT | BJ18: 41 | BN18: 131.33 FT | BO18: 42
B19: 0.1778 | C19: m. | D19: 1 | E19: B.E | G19: 0.2286 | H19: m. | I19: 1 | J19: B.E | L19: 0.7874 | M19: m. | N19: 1 | O19: B.E | Q19: 1.9558 | R19: m. | S19: 1 | T19: B.E | V19: 0.4318 | W19: m. | X19: 1 | Y19: B.E | AA19: 12.166 | AB19: m. | AC19: 1 | AD19: B.E | AF19: 0.6604 | AG19: m. | AH19: 1 | AI19: B.E | AK19: 0.2032 | AL19: m. | AM19: 1 | AN19: B.E | AP19: 1.2954 | AQ19: m. | AR19: 1 | AS19: B.E | AU19: 1.27 | AV19: m. | AW19: 1 | AX19: B.E | AZ19: 0.304 | BA19: m. | BB19: 1 | BC19: B.E | BE19: 0.5842 | BF19: m. | BG19: 1 | BH19: B.E | BJ19: 0.381 | BK19: m. | BL19: 1 | BM19: B.E | BO19: 1.524 | BP19: m. | BQ19: 1 | BR19: B.E
A20: Repair Rate : | C20: =B25/((42*3.1415/59)*(131.33/3.281)) -> 0.022132795 | F20: Repair Rate : | H20: =G25/((42*3.1415/59)*(131.33/3.281)) -> 1.1171409e-12 | K20: Repair Rate : | M20: =L25/((42*3.1415/59)*(131.33/3.281)) -> 0.049936197 | P20: Repair Rate : | R20: =Q25/((42*3.1415/59)*(131.33/3.281)) -> 1.1171409e-13 | U20: Repair Rate : | W20: =V25/((42*3.1415/59)*(131.33/3.281)) -> 1.1171409e-12 | Z20: Repair Rate : | AB20: =AA25/((42*3.1415/59)*(131.33/3.281)) -> 0.051359435
A23: COATING (INTRNTL) | F23: COATING (INTRNTL) | K23: COATING (INTRNTL) | P23: COATING (INTRNTL) | U23: COATING (INTRNTL) | Z23: COATING (INTRNTL)
A24: 131.33 FT | B24: 43 | F24: 131.33 FT | G24: 44 | K24: 131.33 FT | L24: 45 | P24: 131.33 FT | Q24: 46 | U24: 131.33 FT | V24: 47 | Z24: 131.33 FT | AA24: 48
B25: 1.9812 | C25: m. | D25: 1 | E25: B.E | G25: 1e-10 | H25: m. | I25: 1 | J25: B.E | L25: 4.47 | M25: m. | N25: 1 | O25: B.E | Q25: 1e-11 | R25: m. | S25: 1 | T25: B.E | V25: 1e-10 | W25: m. | X25: 1 | Y25: B.E | AA25: 4.5974 | AB25: m. | AC25: 1 | AD25: B.E
Q27: {=SUM(COUNTIF(INDIRECT({"B6","G6","L6","Q6","V6","AA6","AF6","AK6","AP6","AU6","AZ6","BE6","BJ6","BO6","B12","G12","L12","Q12","V12","AA12","AF12","AK12","AP12","AU12","AZ12","BE12","BJ12","BO12","B18","G18","L18","Q18","V18","AA18","AF18","AK18","AP18","AU18","AZ18","BE18","BJ18","BO18","B24","G24","L24","Q24","V24","AA24"}),">0"))} -> 48
Q28: {=SUM(COUNTIF(INDIRECT({"B7","G7","L7","Q7","V7","AA7","AF7","AK7","AP7","AU7","AZ7","BE7","BJ7","BO7","B13","G13","L13","Q13","V13","AA13","AF13","AK13","AP13","AU13","AZ13","BE13","BJ13","BO13","B19","G19","L19","Q19","V19","AA19","AF19","AK19","AP19","AU19","AZ19","BE19","BJ19","BO19","B25","G25","L25","Q25","V25","AA25"}),">0"))} -> 48
V31: PREV. REPAIRED PIPE NO.S | AH31: DAILY REPAIR AMOUNT (METER) | AS31: Total Repair Amount (Meter) | BE31: Total RepAIRED B.E. QTY. (Meter) | BJ31: =D7+I7+N7+S7+X7+AC7+AH7+AM7+AR7+AW7+BB7+BG7+BL7+BQ7+AC13+X13+S13+N13+I13+D13+AH13+AM13+AR13+AW13+BB13+BG13+BL13+BQ13+D19+I19+N19+S19+X19+AC19+AH19+AM19+AR19+AW19+BB19+BG19+BL19+BQ19+D25+I25+N25+S25+X25+AC25 -> 48 | BN31: B.E.
AH35: =AS35-AD87 -> 0 | AS35: =B7+G7+L7+Q7+V7+AA7+AF7+AK7+AP7+AU7+AZ7+BE7+BJ7+BO7+B13+G13+L13+Q13+V13+AA13+AF13+AK13+AP13+AU13+AZ13+BE13+BJ13+BO13+B19+G19+L19+Q19+V19+AA19+AF19+AK19+AP19+AU19+AZ19+BE19+BJ19+BO19+B25+G25+L25+Q25+V25+AA25 -> 94.3026 | BJ35: =BJ31*1.5 -> 72
BJ39: meter
Q49: 130.33
AD87: 94.3026 | AL87: TOT. LENGTH (ft) | AO87: REP. PIPE TOT. LENGTH (ft) | AR87: TOT. REP. (mt) | AT87: TOT. REP. W/ B.E. (mt) | AY87: REP. RATIO (%)
AL90: 6279.84 | AO90: =AT106 -> 6279.84 | AR90: =AS35 -> 94.3026 | AT90: =AS35+BJ35 -> 166.3026 | AY90: (Total Tamir mt.)/[(Dx3.1415/W)(Total Length mt.)
AY92: =AR90/((42*3.1415/59)*(AO90/3.281)) -> 0.022031648
AY95: REP. RATIO W/ B.E. (%)
AN97: 130.33 | AQ97: {=SUM(COUNTIF(INDIRECT({"B7","G7","L7","Q7","V7","AA7","AF7","AK7","AP7","AU7","AZ7","BE7","BJ7","BO7","B13","G13","L13","Q13","V13","AA13","AF13","AK13","AP13","AU13"}),">0"))} -> 24 | AT97: =AQ97*AN97 -> 3127.92 | AY97: (Total Tamir w/B.E. mt.)/[(Dx3.1415/W)(Total Length mt.)
AN100: 131.33 | AQ100: {=SUM(COUNTIF(INDIRECT({"AZ13","BE13","BJ13","BO13","B19","G19","L19","Q19","V19","AA19","AF19","AK19","AP19","AU19","AZ19","BE19","BJ19","BO19","B25","G25","L25","Q25","V25","AA25"}),">0"))} -> 24 | AT100: =AQ100*AN100 -> 3151.92
AY101: =AT90/((42*3.1415/59)*(AO90/3.281)) -> 0.038852802
AQ106: =AQ103+AQ100+AQ97 -> 48 | AT106: =AT100+AT103+AT97 -> 6279.84

Sheet 05-126
F2: Repair Rate : | I2: =G7/((42*3.1415/59)*(60/3.281)) -> 2.4452352e-11 | K2: Repair Rate : | N2: =L7/((42*3.1415/59)*(60/3.281)) -> 0.032912866 | P2: Repair Rate : | S2: =Q7/((42*3.1415/59)*(60/3.281)) -> 0.044698899 | U2: Repair Rate : | X2: =V7/((42*3.1415/59)*(60/3.281)) -> 0.029171656 | Z2: Repair Rate : | AC2: =AA7/((42*3.1415/59)*(60/3.281)) -> 0.10805494 | AE2: Repair Rate : | AH2: =AF7/((42*3.1415/59)*(60/3.281)) -> 0.019244001 | AJ2: Repair Rate : | AM2: =AK7/((42*3.1415/59)*(60/3.281)) -> 0.069542489 | AO2: Repair Rate : | AR2: =AP7/((42*3.1415/59)*(60/3.281)) -> 0.044698899
F6: 60 feet | G6: 1 | K6: 60 feet | L6: 2 | P6: 60 feet | Q6: 3 | U6: 60 feet | V6: 4 | Z6: 60 feet | AA6: 5 | AE6: 60 feet | AF6: 6 | AJ6: 60 feet | AK6: 7 | AO6: 60 feet | AP6: 8
G7: 1e-09 | H7: m. | J7: B.E | L7: 1.346 | M7: m. | O7: B.E | Q7: 1.828 | R7: m. | S7: 1 | T7: B.E | V7: 1.193 | W7: m. | Y7: B.E | AA7: 4.419 | AB7: m. | AC7: 1 | AD7: B.E | AF7: 0.787 | AG7: m. | AI7: B.E | AK7: 2.844 | AL7: m. | AM7: 1 | AN7: B.E | AP7: 1.828 | AQ7: m. | AS7: B.E
A14: Repair Rate : | D14: =B19/((42*3.1415/59)*(30/3.281)) -> 0
A15: Beveling
A18: 30 feet
C19: m. | E19: B.E
H32: 8 | Q32: PREV. REPAIRED PIPE NO.S | X32: Total Repair Amount (Meter) | AC32: =L7+Q7+V7+AA7+AF7+AK7+AT7 -> 12.417 | AJ32: Total RepAIRED B.E. QTY. (Meter) | AO32: =N7+S7+X7+AC7+AH7+AM7 -> 3 | AT32: B.E.
AO34: =AO32*1.5 -> 4.5 | AV34: meter
H35: 8 | Q35: -
X37: DAILY REPAIR AMOUNT (METER) | AC37: =AC32-AD45 -> -0.003
AD45: 12.42 | AL45: TOT. LENGTH (ft) | AO45: REP. PIPE TOT. LENGTH (ft) | AR45: TOT. REP. (mt) | AT45: TOT. REP. W/ B.E. (mt) | AY45: REP. RATIO (%)
AL48: 480 | AO48: =AT70 -> 480 | AR48: =AC32 -> 12.417 | AT48: =AC32+AO34 -> 16.917 | AY48: (Total Tamir mt.)/[(Dx3.1415/W)(Total Length mt.)
AY50: =AR48/((42*3.1415/59)*(AO48/3.281)) -> 0.037953107
AY53: REP. RATIO W/ B.E. (%)
AN55: 60 | AQ55: 8 | AT55: =AQ55*AN55 -> 480 | AY55: (Total Tamir w/B.E. mt.)/[(Dx3.1415/W)(Total Length mt.)
AY59: =AT48/((42*3.1415/59)*(AO48/3.281)) -> 0.051707555
AQ70: =AQ55+AQ58+AQ61+AQ64+AQ67 -> 8 | AT70: =AT55+AT58+AT61+AT64+AT67 -> 480

Sheet 05-093 PT
A3: Repair Rate : | C3: =B8/((54*3.1415/57)*(164/3.281)) -> 0.15162083 | F3: Repair Rate : | H3: =G8/((54*3.1415/57)*(164/3.281)) -> 0.051390626 | K3: Repair Rate : | M3: =L8/((54*3.1415/57)*(164/3.281)) -> 0.38297276 | P3: Repair Rate : | R3: =Q8/((54*3.1415/57)*(164/3.281)) -> 0.05190554 | U3: Repair Rate : | W3: =V8/((54*3.1415/57)*(164/3.281)) -> 0.10022012 | Z3: Repair Rate : | AB3: =AA8/((54*3.1415/57)*(164/3.281)) -> 0.29179389 | AE3: Repair Rate : | AG3: =AF8/((54*3.1415/57)*(164/3.281)) -> 0.1277136 | AJ3: Repair Rate : | AL3: =AK8/((54*3.1415/57)*(164/3.281)) -> 0.064369699 | AO3: Repair Rate : | AQ3: =AP8/((54*3.1415/57)*(164/3.281)) -> 0.060270549 | AT3: Repair Rate : | AV3: =AU8/((54*3.1415/57)*(164/3.281)) -> 0.057023764 | AY3: Repair Rate : | BA3: =AZ8/((54*3.1415/57)*(164/3.281)) -> 0.11678343 | BD3: Repair Rate : | BF3: =BE8/((54*3.1415/57)*(164/3.281)) -> 0.046271057 | BI3: Repair Rate : | BK3: =BJ8/((54*3.1415/57)*(164/3.281)) -> 0.020489029 | BN3: Repair Rate : | BP3: =BO8/((54*3.1415/57)*(164/3.281)) -> 0.039099897
A6: Coating | C6: P. Eyes | F6: Coating | H6: P. Eyes | K6: Coating | M6: P. Eyes | P6: Coating | R6: P. Eyes | U6: Coating | W6: P. Eyes | Z6: Coating | AB6: P. Eyes | AE6: Coating | AG6: P. Eyes | AJ6: Coating | AL6: P. Eyes | AO6: Coating | AQ6: P. Eyes | AT6: Coating | AV6: P. Eyes | AY6: Coating | BA6: P. Eyes | BD6: Coating | BF6: P. Eyes | BI6: Coating | BK6: P. Eyes | BN6: Coating | BP6: P. Eyes
A7: 164 ft | B7: 1 | F7: 164 ft | G7: 2 | K7: 164 ft | L7: 3 | P7: 164 ft | Q7: 4 | U7: 164 ft | V7: 5 | Z7: 164 ft | AA7: 6 | AE7: 164 ft | AF7: 7 | AJ7: 164 ft | AK7: 8 | AO7: 164 ft | AP7: 9 | AT7: 164 ft | AU7: 10 | AY7: 164 ft | AZ7: 11 | BD7: 164 ft | BE7: 12 | BI7: 164 ft | BJ7: 13 | BN7: 164 ft | BO7: 14
B8: 22.5555 | C8: m. | D8: 9 | E8: B.E | G8: 7.645 | H8: m. | I8: 7 | J8: B.E | L8: 56.972 | M8: m. | N8: 8 | O8: B.E | Q8: 7.7216 | R8: m. | S8: 8 | T8: B.E | V8: 14.909 | W8: m. | X8: 8 | Y8: B.E | AA8: 43.408 | AB8: m. | AC8: 8 | AD8: B.E | AF8: 18.999 | AG8: m. | AH8: 8 | AI8: B.E | AK8: 9.5758 | AL8: m. | AM8: 8 | AN8: B.E | AP8: 8.966 | AQ8: m. | AR8: 8 | AS8: B.E | AU8: 8.483 | AV8: m. | AW8: 8 | AX8: B.E | AZ8: 17.373 | BA8: m. | BB8: 8 | BC8: B.E | BE8: 6.8834 | BF8: m. | BG8: 8 | BH8: B.E | BJ8: 3.048 | BK8: m. | BL8: 8 | BM8: B.E | BO8: 5.8166 | BP8: m. | BQ8: 8 | BR8: B.E
A9: Repair Rate : | C9: =B14/((54*3.1415/57)*(164/3.281)) -> 0.043196358 | F9: Repair Rate : | H9: =G14/((54*3.1415/57)*(164/3.281)) -> 0.031412478 | K9: Repair Rate : | M9: =L14/((54*3.1415/57)*(164/3.281)) -> 0.0066589344 | P9: Repair Rate : | R9: =Q14/((54*3.1415/57)*(164/3.281)) -> 0.043196358 | U9: Repair Rate : | W9: =V14/((54*3.1415/35.5)*(164/3.281)) -> 0.23990137 | Z9: Repair Rate : | AB9: =AA14/((54*3.1415/35.5)*(164/3.281)) -> 0.20129938 | AE9: Repair Rate : | AG9: =AF14/((54*3.1415/35.5)*(164/3.281)) -> 0.14323563 | AJ9: Repair Rate : | AL9: =AK14/((54*3.1415/35.5)*(164/3.281)) -> 0.042323025 | AO9: Repair Rate : | AQ9: =AP14/((54*3.1415/35.5)*(164/3.281)) -> 0.04296106 | AT9: Repair Rate : | AV9: =AU14/((54*3.1415/35.5)*(164/3.281)) -> 0.084962556 | AY9: Repair Rate : | BA9: =AZ14/((54*3.1415/35.5)*(164/3.281)) -> 0.14132236 | BD9: Repair Rate : | BF9: =BE14/((54*3.1415/35.5)*(164/3.281)) -> 0.068057126 | BI9: Repair Rate : | BK9: =BJ14/((54*3.1415/35.5)*(164/3.281)) -> 0.11835476 | BN9: Repair Rate : | BP9: =BO14/((54*3.1415/35.5)*(164/3.281)) -> 0.071670148
A12: Coating | C12: P. Eyes | F12: Coating | H12: P. Eyes | K12: Coating | M12: P. Eyes | P12: Coating | R12: P. Eyes | U12: Coating | W12: P. Eyes | Z12: Coating | AB12: P. Eyes | AE12: Coating | AG12: P. Eyes | AJ12: Coating | AL12: P. Eyes | AO12: Coating | AQ12: P. Eyes | AT12: Coating | AV12: P. Eyes | AY12: Coating | BA12: P. Eyes | BD12: Coating | BF12: P. Eyes | BI12: Coating | BK12: P. Eyes | BN12: Coating | BP12: P. Eyes
A13: 164 ft | B13: 15 | F13: 164 ft | G13: 16 | K13: 164 ft | L13: 17 | P13: 164 ft | Q13: 18 | U13: 164 ft | V13: 19 | Z13: 164 ft | AA13: 20 | AE13: 164 ft | AF13: 21 | AJ13: 164 ft | AK13: 22 | AO13: 164 ft | AP13: 23 | AT13: 164 ft | AU13: 24 | AY13: 164 ft | AZ13: 25 | BD13: 164 ft | BE13: 26 | BI13: 164 ft | BJ13: 27 | BN13: 164 ft | BO13: 28
B14: 6.426 | C14: m. | D14: 8 | E14: B.E | G14: 4.673 | H14: m. | I14: 8 | J14: B.E | L14: 0.9906 | M14: m. | N14: 8 | O14: B.E | Q14: 6.426 | R14: m. | S14: 8 | T14: B.E | V14: 57.3024 | W14: m. | X14: 13 | Y14: B.E | AA14: 48.082 | AB14: m. | AC14: 13 | AD14: B.E | AF14: 34.213 | AG14: m. | AH14: 14 | AI14: B.E | AK14: 10.1092 | AL14: m. | AM14: 13 | AN14: B.E | AP14: 10.2616 | AQ14: m. | AR14: 13 | AS14: B.E | AU14: 20.294 | AV14: m. | AW14: 13 | AX14: B.E | AZ14: 33.756 | BA14: m. | BB14: 13 | BC14: B.E | BE14: 16.256 | BF14: m. | BG14: 13 | BH14: B.E | BJ14: 28.27 | BK14: m. | BL14: 13 | BM14: B.E | BO14: 17.119 | BP14: m. | BQ14: 13 | BR14: B.E
A15: Repair Rate : | C15: =B20/((54*3.1415/35.5)*(164/3.281)) -> 0.036896373 | F15: Repair Rate : | H15: =G20/((54*3.1415/35.5)*(164/3.281)) -> 0.062740163 | K15: Repair Rate : | M15: =L20/((54*3.1415/35.5)*(164/3.281)) -> 0.091024731 | P15: Repair Rate : | R15: =Q20/((54*3.1415/35.5)*(164/3.281)) -> 0.069543363 | U15: Repair Rate : | W15: =V20/((54*3.1415/35.5)*(186.2/3.281)) -> 0.028282608 | Z15: Repair Rate : | AB15: =AA20/((54*3.1415/35.5)*(186.2/3.281)) -> 0.016106705 | AE15: Repair Rate : | AG15: =AF20/((54*3.1415/35.5)*(186.2/3.281)) -> 0.056945021 | AJ15: Repair Rate : | AL15: =AK20/((54*3.1415/35.5)*(186.2/3.281)) -> 0.016575009 | AO15: Repair Rate : | AQ15: =AP20/((54*3.1415/35.5)*(186.2/3.281)) -> 3.6874325e-22 | AT15: Repair Rate : | AV15: =AU20/((54*3.1415/35.5)*(186.2/3.281)) -> 0.032029039 | AY15: Repair Rate : | BA15: =AZ20/((54*3.1415/35.5)*(186.2/3.281)) -> 0.030812186 | BD15: Repair Rate : | BF15: =BE20/((54*3.1415/35.5)*(186.2/3.281)) -> 0.018075794 | BI15: Repair Rate : | BK15: =BJ20/((54*3.1415/35.5)*(186.2/3.281)) -> 0.067716011 | BN15: Repair Rate : | BP15: =BO20/((54*3.1415/35.5)*(186.2/3.281)) -> 0.066873801
A18: Coating | C18: P. Eyes | F18: Coating | H18: P. Eyes | K18: Coating | M18: P. Eyes | P18: Coating | R18: P. Eyes | U18: Coating | W18: P. Eyes | Z18: Coating | AB18: P. Eyes | AE18: Coating | AG18: P. Eyes | AJ18: Coating | AL18: P. Eyes | AO18: Coating | AQ18: P. Eyes | AT18: Coating | AV18: P. Eyes | AY18: Coating | BA18: P. Eyes | BD18: Coating | BF18: P. Eyes | BI18: Coating | BK18: P. Eyes | BN18: Coating | BP18: P. Eyes
A19: 164 ft | B19: 29 | F19: 164 ft | G19: 30 | K19: 164 ft | L19: 31 | P19: 164 ft | Q19: 32 | U19: 186.2 ft | V19: 33 | Z19: 186.2 ft | AA19: 34 | AE19: 186.2 ft | AF19: 35 | AJ19: 186.2 ft | AK19: 36 | AO19: 186.2 ft | AP19: 37 | AT19: 186.2 ft | AU19: 38 | AY19: 186.2 ft | AZ19: 43 | BD19: 186.2 ft | BE19: 44 | BI19: 186.2 ft | BJ19: 45 | BN19: 186.2 ft | BO19: 46
B20: 8.813 | C20: m. | D20: 13 | E20: B.E | G20: 14.986 | H20: m. | I20: 14 | J20: B.E | L20: 21.742 | M20: m. | N20: 13 | O20: B.E | Q20: 16.611 | R20: m. | S20: 13 | T20: B.E | V20: 7.67 | W20: m. | X20: 15 | Y20: B.E | AA20: 4.368 | AB20: m. | AC20: 14 | AD20: B.E | AF20: 15.443 | AG20: m. | AH20: 15 | AI20: B.E | AK20: 4.495 | AL20: m. | AM20: 15 | AN20: B.E | AP20: 1e-19 | AQ20: m. | AR20: 15 | AS20: B.E | AU20: 8.686 | AV20: m. | AW20: 15 | AX20: B.E | AZ20: 8.356 | BA20: m. | BB20: 15 | BC20: B.E | BE20: 4.902 | BF20: m. | BG20: 15 | BH20: B.E | BJ20: 18.364 | BK20: m. | BL20: 15 | BM20: B.E | BO20: 18.1356 | BP20: m. | BQ20: 15 | BR20: B.E
